Player,Season,Season Type,Team,Games,Min,Pts,OReb,Dreb,Reb,Ast,Stl,Blk,TO,PF,FGM,FGA,FG%,3PTM,3PTA,3PT%,FTM,FTA,FT%
Russell Westbrook,2016-2017,REG,Thunder,81,34.59,31.58,1.69,8.98,10.67,10.37,1.63,0.38,5.41,2.35,10.17,23.96,0.425,2.47,7.20,0.343,8.77,10.37,0.845
James Harden,2016-2017,REG,Rockets,81,36.38,29.09,1.17,6.96,8.14,11.20,1.49,0.46,5.73,2.65,8.32,18.93,0.440,3.23,9.33,0.347,9.21,10.88,0.847
Isaiah Thomas,2016-2017,REG,Celtics,76,33.81,28.93,0.57,2.13,2.70,5.89,0.92,0.17,2.76,2.20,8.97,19.38,0.463,3.22,8.50,0.379,7.76,8.54,0.909
Anthony Davis,2016-2017,REG,Pelicans,75,36.10,27.99,2.29,9.49,11.79,2.09,1.25,2.23,2.41,2.24,10.27,20.35,0.505,0.53,1.79,0.298,6.92,8.63,0.802
DeMar DeRozan,2016-2017,REG,Raptors,74,35.41,27.30,0.95,4.27,5.22,3.92,1.05,0.18,2.43,1.81,9.74,20.88,0.467,0.45,1.68,0.266,7.36,8.74,0.842
Damian Lillard,2016-2017,REG,Trail Blazers,75,35.91,26.99,0.61,4.29,4.91,5.87,0.91,0.27,2.63,2.03,8.81,19.84,0.444,2.85,7.72,0.370,6.51,7.27,0.895
DeMarcus Cousins,2016-2017,REG,"Kings, Pelicans",72,34.24,26.97,2.11,8.92,11.03,4.61,1.39,1.29,3.74,3.86,8.99,19.89,0.452,1.82,5.04,0.361,7.18,9.31,0.772
LeBron James,2016-2017,REG,Cavaliers,74,37.76,26.41,1.31,7.32,8.64,8.73,1.24,0.59,4.09,1.81,9.95,18.16,0.548,1.68,4.62,0.363,4.84,7.18,0.674
Kawhi Leonard,2016-2017,REG,Spurs,74,33.44,25.51,1.08,4.73,5.81,3.51,1.80,0.74,2.08,1.65,8.59,17.73,0.485,1.99,5.23,0.380,6.34,7.20,0.880
Stephen Curry,2016-2017,REG,Warriors,79,33.40,25.30,0.77,3.70,4.47,6.63,1.80,0.22,3.03,2.32,8.54,18.27,0.468,4.10,9.99,0.411,4.11,4.58,0.898
Kyrie Irving,2016-2017,REG,Cavaliers,72,35.07,25.22,0.72,2.47,3.19,5.81,1.15,0.33,2.50,2.18,9.32,19.72,0.473,2.46,6.13,0.401,4.13,4.56,0.905
Karl-Anthony Towns,2016-2017,REG,Timberwolves,82,36.96,25.13,3.61,8.67,12.28,2.68,0.68,1.26,2.59,2.94,9.78,18.05,0.542,1.23,3.35,0.367,4.34,5.22,0.832
Kevin Durant,2016-2017,REG,Warriors,62,33.39,25.08,0.63,7.65,8.27,4.84,1.06,1.60,2.23,1.89,8.89,16.55,0.537,1.89,5.03,0.375,5.42,6.19,0.875
Jimmy Butler,2016-2017,REG,Bulls,76,36.96,23.89,1.70,4.49,6.18,5.49,1.88,0.42,2.09,1.47,7.50,16.47,0.455,1.20,3.26,0.367,7.70,8.89,0.865
Paul George,2016-2017,REG,Pacers,75,35.86,23.67,0.77,5.79,6.56,3.35,1.59,0.36,2.93,2.75,8.29,17.97,0.461,2.60,6.61,0.393,4.48,4.99,0.898
Andrew Wiggins,2016-2017,REG,Timberwolves,82,37.18,23.57,1.24,2.76,4.00,2.30,1.00,0.37,2.28,2.23,8.65,19.15,0.452,1.26,3.52,0.356,5.02,6.61,0.760
Kemba Walker,2016-2017,REG,Hornets,79,34.67,23.16,0.57,3.33,3.90,5.49,1.08,0.28,2.13,1.51,8.14,18.34,0.444,3.04,7.62,0.399,3.85,4.54,0.847
John Wall,2016-2017,REG,Wizards,78,36.35,23.14,0.76,3.42,4.18,10.65,2.01,0.63,4.13,1.94,8.29,18.40,0.451,1.14,3.49,0.327,5.41,6.76,0.801
Bradley Beal,2016-2017,REG,Wizards,77,34.86,23.10,0.69,2.43,3.12,3.47,1.08,0.27,2.03,2.19,8.27,17.17,0.482,2.90,7.17,0.404,3.66,4.44,0.825
CJ McCollum,2016-2017,REG,Trail Blazers,80,34.95,22.96,0.75,2.86,3.61,3.56,0.90,0.53,2.15,2.53,8.65,18.01,0.480,2.31,5.49,0.421,3.35,3.68,0.912
Giannis Antetokounmpo,2016-2017,REG,Bucks,80,35.57,22.90,1.78,6.98,8.75,5.43,1.64,1.89,2.93,3.08,8.20,15.74,0.521,0.61,2.25,0.272,5.89,7.65,0.770
Carmelo Anthony,2016-2017,REG,Knicks,74,34.30,22.42,0.84,5.08,5.92,2.88,0.81,0.46,2.07,2.68,8.14,18.77,0.433,2.04,5.69,0.359,4.11,4.93,0.833
Kyle Lowry,2016-2017,REG,Raptors,60,37.40,22.40,0.80,3.97,4.77,6.95,1.47,0.32,2.88,2.83,7.10,15.30,0.464,3.22,7.80,0.412,4.98,6.08,0.819
Klay Thompson,2016-2017,REG,Warriors,78,33.96,22.33,0.63,3.03,3.65,2.05,0.85,0.51,1.64,1.78,8.26,17.64,0.468,3.44,8.29,0.414,2.38,2.79,0.853
Devin Booker,2016-2017,REG,Suns,78,35.01,22.13,0.59,2.60,3.19,3.44,0.92,0.27,3.09,3.10,7.77,18.35,0.423,1.88,5.19,0.363,4.71,5.65,0.832
Gordon Hayward,2016-2017,REG,Jazz,73,34.46,21.93,0.67,4.73,5.40,3.45,1.00,0.27,1.92,1.60,7.47,15.84,0.471,2.04,5.12,0.398,4.96,5.88,0.844
Blake Griffin,2016-2017,REG,Clippers,61,34.04,21.57,1.84,6.31,8.15,4.92,0.93,0.36,2.33,2.57,7.85,15.92,0.493,0.62,1.85,0.336,5.25,6.90,0.760
Eric Bledsoe,2016-2017,REG,Suns,66,32.97,21.06,0.79,4.06,4.85,6.33,1.38,0.47,3.39,2.48,6.80,15.67,0.434,1.58,4.70,0.335,5.88,6.94,0.847
Brook Lopez,2016-2017,REG,Nets,75,29.63,20.52,1.61,3.76,5.37,2.35,0.51,1.65,2.45,2.56,7.40,15.63,0.474,1.79,5.16,0.346,3.93,4.85,0.810
Mike Conley,2016-2017,REG,Grizzlies,69,33.22,20.51,0.45,3.04,3.49,6.28,1.33,0.28,2.26,1.83,6.72,14.62,0.460,2.48,6.07,0.408,4.58,5.33,0.859
Goran Dragic,2016-2017,REG,Heat,73,33.69,20.32,0.85,2.97,3.82,5.79,1.22,0.18,2.90,2.73,7.32,15.40,0.475,1.60,3.96,0.405,4.08,5.16,0.790
Joel Embiid,2016-2017,REG,76ers,31,25.36,20.23,1.97,5.87,7.84,2.13,0.87,2.45,3.77,3.61,6.45,13.84,0.466,1.16,3.16,0.367,6.16,7.87,0.783
Jabari Parker,2016-2017,REG,Bucks,51,33.88,20.10,1.55,4.61,6.16,2.78,0.98,0.43,1.82,2.18,7.82,15.96,0.490,1.27,3.49,0.365,3.18,4.27,0.743
Marc Gasol,2016-2017,REG,Grizzlies,74,34.20,19.54,0.81,5.46,6.27,4.57,0.91,1.34,2.24,2.31,7.19,15.68,0.459,1.41,3.62,0.388,3.76,4.49,0.837
Harrison Barnes,2016-2017,REG,Mavericks,79,35.49,19.22,1.18,3.81,4.99,1.47,0.82,0.19,1.29,1.62,7.58,16.20,0.468,0.99,2.81,0.351,3.06,3.56,0.861
Kevin Love,2016-2017,REG,Cavaliers,60,31.41,19.03,2.47,8.63,11.10,1.93,0.88,0.35,2.03,2.08,6.17,14.45,0.427,2.42,6.48,0.373,4.28,4.92,0.871
Zach LaVine,2016-2017,REG,Timberwolves,47,37.21,18.91,0.40,3.00,3.40,2.96,0.87,0.21,1.81,2.21,6.94,15.11,0.459,2.55,6.60,0.387,2.49,2.98,0.836
Rudy Gay,2016-2017,REG,Kings,30,33.77,18.73,1.17,5.17,6.33,2.77,1.47,0.87,2.47,2.63,6.70,14.73,0.455,1.40,3.77,0.372,3.93,4.60,0.855
Dwyane Wade,2016-2017,REG,Bulls,60,29.87,18.27,1.05,3.45,4.50,3.80,1.43,0.68,2.30,1.87,6.90,15.92,0.434,0.75,2.42,0.310,3.72,4.68,0.794
Danilo Gallinari,2016-2017,REG,Nuggets,63,33.87,18.17,0.62,4.54,5.16,2.14,0.63,0.24,1.30,1.48,5.32,11.90,0.447,2.00,5.14,0.389,5.54,6.14,0.902
Kristaps Porzingis,2016-2017,REG,Knicks,66,32.79,18.12,1.68,5.52,7.20,1.47,0.71,1.95,1.79,3.70,6.71,14.92,0.450,1.70,4.76,0.357,3.00,3.82,0.786
Chris Paul,2016-2017,REG,Clippers,61,31.49,18.10,0.66,4.33,4.98,9.23,1.95,0.13,2.41,2.39,6.13,12.87,0.476,2.03,4.95,0.411,3.80,4.26,0.892
Paul Millsap,2016-2017,REG,Hawks,69,33.96,18.06,1.61,6.12,7.72,3.65,1.30,0.90,2.29,2.70,6.23,14.09,0.442,1.09,3.49,0.311,4.51,5.87,0.768
Derrick Rose,2016-2017,REG,Knicks,64,32.53,18.03,1.03,2.81,3.84,4.42,0.69,0.27,2.30,1.31,7.19,15.27,0.471,0.20,0.94,0.217,3.45,3.95,0.874
Dennis Schroder,2016-2017,REG,Hawks,79,31.45,17.90,0.53,2.61,3.14,6.32,0.94,0.20,3.27,1.89,6.94,15.37,0.451,1.27,3.72,0.340,2.76,3.23,0.855
Lou Williams,2016-2017,REG,"Lakers, Rockets",81,24.61,17.54,0.32,2.17,2.49,2.95,0.99,0.25,1.98,1.14,5.28,12.32,0.429,2.01,5.51,0.365,4.96,5.64,0.880
LaMarcus Aldridge,2016-2017,REG,Spurs,72,32.43,17.26,2.39,4.88,7.26,1.93,0.64,1.22,1.36,2.19,6.94,14.57,0.477,0.32,0.78,0.411,3.06,3.76,0.812
Evan Fournier,2016-2017,REG,Magic,68,32.85,17.16,0.65,2.43,3.07,2.97,0.97,0.06,2.07,2.65,6.00,13.68,0.439,1.88,5.29,0.356,3.28,4.07,0.805
Hassan Whiteside,2016-2017,REG,Heat,77,32.64,17.00,3.81,10.32,14.13,0.74,0.74,2.09,2.00,2.94,7.04,12.64,0.557,0.00,0.00,0.000,2.92,4.65,0.628
George Hill,2016-2017,REG,Jazz,49,31.51,16.92,0.47,2.94,3.41,4.16,1.02,0.22,1.73,2.33,5.90,12.37,0.477,1.92,4.76,0.403,3.20,4.00,0.801
Nikola Jokic,2016-2017,REG,Nuggets,73,27.92,16.73,2.90,6.93,9.84,4.92,0.84,0.75,2.34,2.93,6.77,11.70,0.578,0.62,1.90,0.324,2.58,3.12,0.825
Avery Bradley,2016-2017,REG,Celtics,55,33.36,16.25,1.18,4.89,6.07,2.22,1.24,0.20,1.60,2.56,6.53,14.09,0.463,1.96,5.04,0.390,1.24,1.69,0.731
Eric Gordon,2016-2017,REG,Rockets,75,30.98,16.23,0.39,2.29,2.68,2.51,0.64,0.55,1.61,2.00,5.49,13.55,0.406,3.28,8.81,0.372,1.96,2.33,0.840
Tobias Harris,2016-2017,REG,Pistons,82,31.30,16.11,0.77,4.30,5.07,1.73,0.73,0.48,1.17,1.62,6.23,12.96,0.481,1.33,3.83,0.347,2.32,2.76,0.841
Victor Oladipo,2016-2017,REG,Thunder,67,33.17,15.93,0.58,3.76,4.34,2.63,1.16,0.31,1.78,2.31,6.15,13.91,0.442,1.90,5.25,0.361,1.73,2.30,0.753
Dion Waiters,2016-2017,REG,Heat,46,30.09,15.85,0.39,2.93,3.33,4.35,0.91,0.43,2.24,2.07,6.11,14.41,0.424,1.85,4.67,0.395,1.78,2.76,0.646
Wilson Chandler,2016-2017,REG,Nuggets,71,30.94,15.73,1.45,5.03,6.48,1.99,0.72,0.42,1.61,2.42,6.10,13.23,0.461,1.55,4.59,0.337,1.99,2.73,0.727
D'Angelo Russell,2016-2017,REG,Lakers,63,28.74,15.62,0.49,3.02,3.51,4.81,1.38,0.25,2.79,2.06,5.57,13.76,0.405,2.14,6.10,0.352,2.33,2.98,0.782
Jrue Holiday,2016-2017,REG,Pelicans,67,32.69,15.36,0.69,3.25,3.94,7.28,1.49,0.66,2.90,1.99,6.04,13.33,0.454,1.49,4.19,0.356,1.78,2.51,0.708
Jeff Teague,2016-2017,REG,Pacers,82,32.40,15.29,0.40,3.62,4.02,7.79,1.22,0.39,2.63,2.01,4.90,11.09,0.442,1.10,3.07,0.357,4.39,5.06,0.867
Nicolas Batum,2016-2017,REG,Hornets,77,33.99,15.12,0.60,5.65,6.25,5.92,1.12,0.38,2.52,1.42,5.10,12.66,0.403,1.75,5.26,0.333,3.16,3.69,0.856
JJ Redick,2016-2017,REG,Clippers,78,28.18,15.04,0.14,2.05,2.19,1.41,0.69,0.17,1.26,1.60,5.08,11.41,0.445,2.58,6.00,0.429,2.31,2.59,0.891
Gary Harris,2016-2017,REG,Nuggets,57,31.27,14.93,0.84,2.28,3.12,2.88,1.25,0.14,1.33,1.61,5.61,11.18,0.502,1.88,4.47,0.420,1.82,2.35,0.776
Serge Ibaka,2016-2017,REG,"Magic, Raptors",79,30.66,14.85,1.63,5.18,6.81,0.95,0.52,1.57,1.33,2.72,5.96,12.43,0.480,1.57,4.01,0.391,1.35,1.58,0.856
Jordan Clarkson,2016-2017,REG,Lakers,82,29.23,14.70,0.60,2.40,3.00,2.60,1.07,0.10,2.00,1.83,5.82,13.06,0.445,1.43,4.34,0.329,1.63,2.05,0.798
Khris Middleton,2016-2017,REG,Bucks,29,30.67,14.69,0.38,3.86,4.24,3.41,1.41,0.24,2.24,2.72,5.17,11.48,0.450,1.55,3.59,0.433,2.79,3.17,0.880
Nikola Vucevic,2016-2017,REG,Magic,75,28.84,14.61,2.35,8.04,10.39,2.77,1.01,0.99,1.56,2.40,6.44,13.75,0.468,0.31,1.00,0.307,1.43,2.13,0.669
Jeremy Lin,2016-2017,REG,Nets,36,24.52,14.53,0.31,3.44,3.75,5.11,1.17,0.39,2.39,2.19,4.86,11.11,0.437,1.61,4.33,0.372,3.19,3.92,0.816
Myles Turner,2016-2017,REG,Pacers,81,31.37,14.48,1.72,5.56,7.27,1.31,0.91,2.12,1.30,3.23,5.48,10.73,0.511,0.49,1.42,0.348,3.02,3.74,0.809
Tim Hardaway Jr.,2016-2017,REG,Hawks,79,27.26,14.47,0.44,2.39,2.84,2.30,0.70,0.19,1.34,1.30,5.25,11.54,0.455,1.89,5.28,0.357,2.08,2.71,0.766
Reggie Jackson,2016-2017,REG,Pistons,52,27.39,14.46,0.40,1.79,2.19,5.19,0.67,0.10,2.19,2.48,5.46,13.02,0.419,1.27,3.54,0.359,2.27,2.62,0.868
TJ Warren,2016-2017,REG,Suns,66,31.03,14.41,1.89,3.24,5.14,1.14,1.15,0.59,0.86,2.65,6.11,12.33,0.495,0.39,1.48,0.265,1.80,2.33,0.773
Enes Kanter,2016-2017,REG,Thunder,72,21.29,14.35,2.71,3.99,6.69,0.93,0.44,0.53,1.71,2.14,5.58,10.24,0.545,0.07,0.53,0.131,3.11,3.96,0.786
Dirk Nowitzki,2016-2017,REG,Mavericks,54,26.38,14.24,0.43,6.11,6.54,1.52,0.56,0.70,0.94,2.09,5.48,12.56,0.437,1.46,3.87,0.378,1.81,2.07,0.875
Zach Randolph,2016-2017,REG,Grizzlies,73,24.47,14.08,2.49,5.70,8.19,1.67,0.52,0.14,1.36,1.86,5.93,13.21,0.449,0.29,1.29,0.223,1.93,2.64,0.731
Jordan Crawford,2016-2017,REG,Pelicans,19,23.28,14.05,0.21,1.58,1.79,3.00,0.58,0.11,1.32,1.58,5.53,11.47,0.482,1.95,5.00,0.389,1.05,1.37,0.769
Rudy Gobert,2016-2017,REG,Jazz,81,33.87,14.04,3.88,8.90,12.78,1.20,0.60,2.64,1.81,3.04,5.10,7.72,0.661,0.00,0.01,0.000,3.84,5.88,0.653
Al Horford,2016-2017,REG,Celtics,68,32.26,14.00,1.40,5.44,6.84,4.96,0.76,1.26,1.69,2.03,5.57,11.78,0.473,1.26,3.56,0.355,1.59,1.99,0.800
Markieff Morris,2016-2017,REG,Wizards,76,31.24,13.99,1.41,5.08,6.49,1.66,1.08,0.55,1.70,3.34,5.34,11.70,0.457,0.93,2.58,0.362,2.37,2.83,0.837
Marcus Morris,2016-2017,REG,Pistons,79,32.47,13.99,0.97,3.66,4.63,2.03,0.66,0.32,1.10,2.13,5.33,12.75,0.418,1.49,4.52,0.331,1.84,2.34,0.784
Jae Crowder,2016-2017,REG,Celtics,72,32.44,13.88,0.67,5.10,5.76,2.15,1.01,0.32,1.11,2.24,4.63,10.00,0.463,2.18,5.47,0.398,2.44,3.01,0.811
Kentavious Caldwell-Pope,2016-2017,REG,Pistons,76,33.27,13.78,0.72,2.54,3.26,2.54,1.17,0.16,1.13,1.55,4.87,12.21,0.399,2.01,5.75,0.350,2.03,2.43,0.832
Bojan Bogdanovic,2016-2017,REG,"Nets, Wizards",81,25.71,13.74,0.46,2.96,3.42,1.37,0.42,0.09,1.62,1.80,4.64,10.43,0.445,1.78,4.84,0.367,2.68,3.00,0.893
Tyler Johnson,2016-2017,REG,Heat,73,29.83,13.73,0.68,3.33,4.01,3.19,1.15,0.60,1.23,2.41,4.89,11.29,0.433,1.27,3.42,0.372,2.67,3.48,0.768
Will Barton,2016-2017,REG,Nuggets,60,28.42,13.67,0.97,3.35,4.32,3.43,0.80,0.47,1.62,1.83,4.92,11.10,0.443,1.45,3.92,0.370,2.38,3.17,0.753
Andre Drummond,2016-2017,REG,Pistons,81,29.75,13.64,4.26,9.51,13.77,1.11,1.53,1.10,1.88,2.93,5.96,11.25,0.530,0.02,0.09,0.286,1.69,4.38,0.386
Ryan Anderson,2016-2017,REG,Rockets,72,29.39,13.60,1.56,3.03,4.58,0.94,0.43,0.19,0.76,1.97,4.49,10.74,0.418,2.83,7.03,0.403,1.79,2.08,0.860
Dwight Howard,2016-2017,REG,Hawks,74,29.71,13.54,4.00,8.70,12.70,1.41,0.86,1.24,2.30,2.74,5.24,8.28,0.633,0.00,0.03,0.000,3.05,5.73,0.533
Wesley Matthews,2016-2017,REG,Mavericks,73,34.18,13.51,0.25,3.30,3.55,2.88,1.05,0.21,1.40,2.21,4.56,11.60,0.393,2.38,6.56,0.363,2.00,2.45,0.816
Otto Porter,2016-2017,REG,Wizards,80,32.57,13.44,1.48,4.95,6.43,1.51,1.45,0.53,0.55,2.41,5.18,10.04,0.516,1.85,4.26,0.434,1.24,1.49,0.832
Darren Collison,2016-2017,REG,Kings,68,30.34,13.24,0.34,1.90,2.24,4.59,0.99,0.13,1.68,1.75,5.00,10.50,0.476,1.07,2.57,0.417,2.16,2.51,0.860
Julius Randle,2016-2017,REG,Lakers,74,28.81,13.18,2.03,6.57,8.59,3.57,0.66,0.50,2.34,3.35,5.09,10.45,0.488,0.23,0.85,0.270,2.76,3.81,0.723
Nick Young,2016-2017,REG,Lakers,60,25.94,13.18,0.42,1.88,2.30,0.97,0.62,0.23,0.60,2.28,4.53,10.55,0.430,2.83,7.02,0.404,1.28,1.50,0.856
Sean Kilpatrick,2016-2017,REG,Nets,70,25.05,13.13,0.31,3.69,4.00,2.24,0.64,0.09,1.93,1.69,4.36,10.50,0.415,1.50,4.40,0.341,2.91,3.46,0.843
Ersan Ilyasova,2016-2017,REG,"Thunder, 76ers, Hawks",82,26.12,13.06,1.40,4.46,5.87,1.72,0.71,0.28,1.41,2.57,4.68,10.85,0.431,1.73,4.90,0.353,1.96,2.52,0.778
Robert Covington,2016-2017,REG,76ers,67,31.62,12.90,1.37,5.13,6.51,1.52,1.90,1.03,1.96,3.03,4.36,10.93,0.399,2.04,6.15,0.333,2.13,2.60,0.822
Dario Saric,2016-2017,REG,76ers,81,26.28,12.84,1.38,4.95,6.33,2.25,0.70,0.37,2.26,2.00,4.70,11.44,0.411,1.31,4.21,0.311,2.12,2.72,0.782
Seth Curry,2016-2017,REG,Mavericks,70,28.98,12.83,0.36,2.20,2.56,2.70,1.13,0.10,1.31,1.80,4.83,10.04,0.481,1.96,4.60,0.425,1.21,1.43,0.850
James Johnson,2016-2017,REG,Heat,76,27.43,12.83,0.87,4.08,4.95,3.63,1.00,1.13,2.25,2.59,4.84,10.12,0.479,1.14,3.37,0.340,2.00,2.83,0.707
Elfrid Payton,2016-2017,REG,Magic,82,29.42,12.76,1.09,3.63,4.72,6.45,1.07,0.49,2.17,2.16,5.24,11.12,0.471,0.49,1.78,0.274,1.78,2.57,0.692
Aaron Gordon,2016-2017,REG,Magic,80,28.73,12.74,1.45,3.61,5.06,1.88,0.81,0.50,1.11,2.15,4.91,10.81,0.454,0.96,3.34,0.288,1.95,2.71,0.719
DeAndre Jordan,2016-2017,REG,Clippers,81,31.73,12.70,3.68,10.07,13.75,1.19,0.63,1.65,1.42,2.62,5.09,7.12,0.714,0.00,0.02,0.000,2.53,5.25,0.482
Rodney Hood,2016-2017,REG,Jazz,59,27.00,12.68,0.27,3.15,3.42,1.63,0.64,0.19,1.10,2.24,4.61,11.29,0.408,1.93,5.20,0.371,1.53,1.95,0.783
Clint Capela,2016-2017,REG,Rockets,65,23.87,12.58,2.74,5.35,8.09,0.97,0.52,1.23,1.34,2.75,5.57,8.66,0.643,0.00,0.00,0.000,1.45,2.72,0.531
Pau Gasol,2016-2017,REG,Spurs,64,25.42,12.38,1.67,6.16,7.83,2.34,0.38,1.09,1.27,1.72,4.73,9.44,0.502,0.88,1.63,0.538,2.03,2.88,0.707
Jamal Crawford,2016-2017,REG,Clippers,82,26.31,12.29,0.21,1.37,1.57,2.61,0.74,0.17,1.63,1.40,4.38,10.61,0.413,1.41,3.93,0.360,2.12,2.48,0.857
Austin Rivers,2016-2017,REG,Clippers,74,27.75,12.01,0.27,1.91,2.18,2.76,0.65,0.14,1.55,2.53,4.36,9.88,0.442,1.50,4.04,0.371,1.78,2.58,0.691
Jonas Valanciunas,2016-2017,REG,Raptors,80,25.82,11.99,2.83,6.66,9.49,0.71,0.46,0.79,1.33,2.70,4.89,8.78,0.557,0.01,0.03,0.500,2.20,2.71,0.811
Jahlil Okafor,2016-2017,REG,76ers,50,22.68,11.80,1.62,3.18,4.80,1.16,0.40,0.98,1.82,2.44,4.84,9.42,0.514,0.00,0.00,0.000,2.12,3.16,0.671
Greg Monroe,2016-2017,REG,Bucks,81,22.50,11.74,2.06,4.51,6.57,2.31,1.14,0.47,1.73,2.07,4.78,8.96,0.533,0.00,0.05,0.000,2.19,2.95,0.741
Trevor Ariza,2016-2017,REG,Rockets,80,34.66,11.70,0.68,5.05,5.73,2.19,1.84,0.25,0.91,1.66,4.08,9.98,0.409,2.39,6.94,0.344,1.16,1.58,0.738
Frank Kaminsky,2016-2017,REG,Hornets,75,26.05,11.65,0.76,3.72,4.48,2.16,0.61,0.45,1.01,1.85,4.27,10.69,0.399,1.55,4.72,0.328,1.57,2.08,0.756
Steven Adams,2016-2017,REG,Thunder,80,29.87,11.31,3.51,4.15,7.66,1.08,1.11,0.98,1.83,2.44,4.68,8.19,0.571,0.00,0.01,0.000,1.96,3.21,0.611
Marvin Williams,2016-2017,REG,Hornets,76,30.19,11.17,1.17,5.41,6.58,1.39,0.76,0.70,0.79,1.76,3.91,9.26,0.422,1.63,4.66,0.350,1.72,1.97,0.873
Ricky Rubio,2016-2017,REG,Timberwolves,75,32.92,11.15,0.91,3.16,4.07,9.09,1.71,0.13,2.60,2.69,3.48,8.67,0.402,0.80,2.61,0.306,3.39,3.80,0.891
Brandon Knight,2016-2017,REG,Suns,54,21.11,11.02,0.46,1.72,2.19,2.41,0.50,0.09,1.63,1.61,3.87,9.72,0.398,0.83,2.57,0.324,2.44,2.85,0.857
Thaddeus Young,2016-2017,REG,Pacers,74,30.23,11.00,1.77,4.28,6.05,1.65,1.53,0.39,1.28,1.82,4.89,9.28,0.527,0.61,1.59,0.381,0.61,1.16,0.523
Terrence Ross,2016-2017,REG,"Raptors, Magic",78,25.06,11.00,0.23,2.41,2.64,1.13,1.12,0.42,0.87,1.83,4.18,9.56,0.437,1.82,5.01,0.363,0.82,0.99,0.831
Jerryd Bayless,2016-2017,REG,76ers,3,23.83,11.00,1.00,3.00,4.00,4.33,0.00,0.00,3.00,1.33,3.67,10.67,0.344,0.67,1.67,0.400,3.00,3.33,0.900
Kent Bazemore,2016-2017,REG,Hawks,73,26.89,10.97,0.62,2.55,3.16,2.42,1.25,0.71,1.71,2.26,4.04,9.88,0.409,1.26,3.64,0.346,1.63,2.30,0.708
Emmanuel Mudiay,2016-2017,REG,Nuggets,55,25.56,10.96,0.53,2.71,3.24,3.95,0.75,0.24,2.24,1.73,3.78,10.02,0.377,1.02,3.24,0.315,2.38,3.04,0.784
Deron Williams,2016-2017,REG,"Mavericks, Cavaliers",64,25.90,10.95,0.22,2.08,2.30,5.63,0.48,0.13,2.16,2.16,4.11,9.38,0.438,1.33,3.66,0.363,1.41,1.70,0.826
Justise Winslow,2016-2017,REG,Heat,18,34.74,10.89,1.28,3.94,5.22,3.67,1.44,0.33,1.83,2.89,4.44,12.50,0.356,0.39,1.94,0.200,1.61,2.61,0.617
Jose Juan Barea,2016-2017,REG,Mavericks,35,22.02,10.89,0.26,2.14,2.40,5.51,0.40,0.03,1.80,0.86,4.06,9.80,0.414,1.51,4.23,0.358,1.26,1.46,0.863
Taj Gibson,2016-2017,REG,"Bulls, Thunder",78,25.49,10.85,2.03,4.19,6.22,0.94,0.53,0.83,1.35,2.09,4.68,9.09,0.515,0.04,0.17,0.231,1.45,2.03,0.715
Courtney Lee,2016-2017,REG,Knicks,77,31.94,10.84,0.69,2.68,3.36,2.32,1.05,0.31,0.90,1.83,4.17,9.14,0.456,1.40,3.49,0.401,1.10,1.27,0.867
Terrence Jones,2016-2017,REG,"Pelicans, Bucks",54,23.53,10.81,1.20,4.46,5.67,1.09,0.74,1.00,0.89,1.24,4.28,9.11,0.470,0.35,1.39,0.253,1.91,3.15,0.606
Marcin Gortat,2016-2017,REG,Wizards,82,31.17,10.77,2.90,7.45,10.35,1.48,0.49,0.74,1.45,2.60,4.76,8.22,0.579,0.00,0.02,0.000,1.26,1.94,0.648
CJ Miles,2016-2017,REG,Pacers,76,23.37,10.72,0.39,2.62,3.01,0.63,0.61,0.33,0.53,1.99,3.70,8.51,0.434,2.22,5.38,0.413,1.11,1.22,0.903
Allen Crabbe,2016-2017,REG,Trail Blazers,79,28.53,10.70,0.24,2.62,2.86,1.19,0.68,0.25,0.78,2.16,3.84,8.19,0.468,1.70,3.82,0.444,1.33,1.57,0.847
Alex Poythress,2016-2017,REG,76ers,6,26.14,10.67,1.83,3.00,4.83,0.83,0.50,0.33,0.50,2.33,4.17,9.00,0.463,1.00,3.17,0.316,1.33,1.67,0.800
Nikola Mirotic,2016-2017,REG,Bulls,70,23.98,10.63,0.87,4.61,5.49,1.07,0.76,0.79,1.14,1.83,3.69,8.93,0.413,1.84,5.39,0.342,1.41,1.83,0.773
Marcus Smart,2016-2017,REG,Celtics,79,30.37,10.57,0.99,2.87,3.86,4.61,1.58,0.43,2.01,2.43,3.41,9.48,0.359,1.19,4.20,0.283,2.57,3.16,0.812
Buddy Hield,2016-2017,REG,"Pelicans, Kings",82,23.03,10.56,0.43,2.85,3.28,1.48,0.46,0.11,1.23,1.40,3.99,9.35,0.426,1.80,4.62,0.391,0.78,0.93,0.842
Marco Belinelli,2016-2017,REG,Hornets,74,24.02,10.54,0.19,2.22,2.41,1.99,0.59,0.12,0.95,1.22,3.57,8.31,0.429,1.38,3.82,0.360,2.03,2.27,0.893
Wayne Ellington,2016-2017,REG,Heat,62,24.19,10.45,0.29,1.84,2.13,1.13,0.56,0.06,0.48,1.13,3.73,8.95,0.416,2.40,6.35,0.378,0.60,0.69,0.861
Mason Plumlee,2016-2017,REG,"Trail Blazers, Nuggets",81,26.51,10.40,2.10,5.37,7.47,3.51,0.85,1.14,1.65,2.79,4.12,7.69,0.536,0.00,0.07,0.000,2.15,3.70,0.580
Robin Lopez,2016-2017,REG,Bulls,81,28.03,10.36,3.01,3.41,6.42,0.99,0.22,1.44,1.12,1.86,4.72,9.57,0.493,0.00,0.02,0.000,0.93,1.28,0.721
Cody Zeller,2016-2017,REG,Hornets,62,27.83,10.31,2.18,4.35,6.53,1.60,1.00,0.94,1.05,3.05,4.08,7.15,0.571,0.00,0.02,0.000,2.15,3.16,0.679
Tyreke Evans,2016-2017,REG,"Pelicans, Kings",40,19.70,10.28,0.33,3.10,3.43,3.10,0.88,0.23,1.53,1.50,3.75,9.25,0.405,1.05,2.95,0.356,1.73,2.30,0.750
Malcolm Brogdon,2016-2017,REG,Bucks,75,26.43,10.23,0.63,2.21,2.84,4.23,1.12,0.16,1.51,1.87,3.87,8.47,0.457,1.04,2.57,0.404,1.45,1.68,0.865
Jon Leuer,2016-2017,REG,Pistons,75,25.92,10.23,1.36,4.00,5.36,1.48,0.41,0.35,0.88,1.93,4.13,8.61,0.480,0.65,2.23,0.293,1.31,1.51,0.867
Draymond Green,2016-2017,REG,Warriors,76,32.51,10.21,1.29,6.59,7.88,7.01,2.03,1.39,2.42,2.86,3.58,8.55,0.418,1.07,3.46,0.308,1.99,2.80,0.709
Jusuf Nurkic,2016-2017,REG,"Nuggets, Trail Blazers",65,21.40,10.18,2.37,4.82,7.18,1.89,0.77,1.14,2.20,2.48,4.17,8.22,0.507,0.00,0.02,0.000,1.85,3.23,0.571
Josh Richardson,2016-2017,REG,Heat,53,30.46,10.17,0.66,2.51,3.17,2.64,1.13,0.74,1.23,2.49,3.81,9.68,0.394,1.42,4.28,0.330,1.13,1.45,0.779
Tony Parker,2016-2017,REG,Spurs,63,25.19,10.13,0.14,1.65,1.79,4.52,0.54,0.03,1.41,1.46,4.21,9.03,0.466,0.37,1.10,0.333,1.35,1.86,0.727
Kyle Korver,2016-2017,REG,"Hawks, Cavaliers",67,26.16,10.12,0.10,2.67,2.78,1.64,0.51,0.31,1.03,1.60,3.57,7.69,0.464,2.42,5.36,0.451,0.57,0.63,0.905
Maurice Harkless,2016-2017,REG,Trail Blazers,77,28.87,10.04,1.62,2.81,4.43,1.14,1.10,0.91,1.12,2.78,4.08,8.10,0.503,0.88,2.52,0.351,1.00,1.61,0.621
Yogi Ferrell,2016-2017,REG,"Nets, Mavericks",46,26.02,10.04,0.43,1.98,2.41,3.74,0.91,0.20,1.52,1.96,3.48,8.57,0.406,1.48,3.83,0.386,1.61,1.93,0.831
Trevor Booker,2016-2017,REG,Nets,71,24.71,9.99,2.01,6.03,8.04,1.94,1.06,0.39,1.79,2.14,4.30,8.32,0.516,0.35,1.10,0.320,1.04,1.55,0.673
Gorgui Dieng,2016-2017,REG,Timberwolves,82,32.36,9.95,2.29,5.60,7.89,1.93,1.07,1.16,1.30,3.10,4.05,8.06,0.502,0.20,0.52,0.372,1.66,2.04,0.814
Shabazz Muhammad,2016-2017,REG,Timberwolves,78,19.43,9.90,1.08,1.74,2.82,0.45,0.28,0.08,0.72,1.10,3.69,7.67,0.482,0.63,1.86,0.338,1.88,2.44,0.774
Jamal Murray,2016-2017,REG,Nuggets,82,21.52,9.89,0.50,2.11,2.61,2.07,0.62,0.29,1.38,1.51,3.60,8.90,0.404,1.40,4.20,0.334,1.29,1.46,0.883
Ty Lawson,2016-2017,REG,Kings,69,25.10,9.87,0.64,1.96,2.59,4.84,1.07,0.09,1.87,1.72,3.43,7.57,0.454,0.49,1.71,0.288,2.51,3.14,0.797
Richaun Holmes,2016-2017,REG,76ers,57,20.93,9.81,1.65,3.81,5.46,1.02,0.74,0.96,0.96,2.39,4.04,7.23,0.558,0.47,1.35,0.351,1.26,1.81,0.699
Jeremy Lamb,2016-2017,REG,Hornets,62,18.43,9.73,0.48,3.77,4.26,1.21,0.44,0.37,0.65,1.58,3.65,7.92,0.460,0.66,2.35,0.281,1.77,2.08,0.853
Kenneth Faried,2016-2017,REG,Nuggets,61,21.25,9.62,3.00,4.57,7.57,0.90,0.70,0.66,0.97,2.03,3.74,6.82,0.548,0.00,0.10,0.000,2.15,3.10,0.693
E'Twaun Moore,2016-2017,REG,Pelicans,73,24.93,9.59,0.45,1.63,2.08,2.25,0.68,0.44,0.85,1.79,3.88,8.48,0.457,1.05,2.85,0.370,0.78,1.01,0.770
Patrick Beverley,2016-2017,REG,Rockets,67,30.72,9.54,1.42,4.45,5.87,4.19,1.48,0.37,1.49,3.31,3.40,8.10,0.420,1.64,4.30,0.382,1.09,1.42,0.768
Derrick Favors,2016-2017,REG,Jazz,50,23.71,9.52,1.84,4.26,6.10,1.12,0.90,0.80,1.20,2.06,4.06,8.34,0.487,0.06,0.20,0.300,1.34,2.18,0.615
Patty Mills,2016-2017,REG,Spurs,80,21.93,9.49,0.30,1.46,1.76,3.50,0.81,0.04,1.26,1.36,3.41,7.76,0.440,1.84,4.44,0.414,0.83,1.00,0.825
Nik Stauskas,2016-2017,REG,76ers,80,27.35,9.45,0.26,2.56,2.83,2.35,0.56,0.40,1.60,1.80,3.14,7.93,0.396,1.65,4.49,0.368,1.53,1.88,0.813
Michael Beasley,2016-2017,REG,Bucks,56,16.69,9.43,0.71,2.73,3.45,0.95,0.48,0.48,1.18,1.64,3.86,7.25,0.532,0.32,0.77,0.419,1.39,1.88,0.743
Brandon Ingram,2016-2017,REG,Lakers,79,28.85,9.37,0.76,3.24,4.00,2.10,0.63,0.46,1.47,2.00,3.49,8.68,0.402,0.70,2.37,0.294,1.68,2.71,0.621
Ish Smith,2016-2017,REG,Pistons,81,24.14,9.36,0.26,2.64,2.90,5.16,0.75,0.41,1.38,1.57,4.06,9.25,0.439,0.35,1.30,0.267,0.89,1.26,0.706
Cory Joseph,2016-2017,REG,Raptors,80,25.03,9.25,0.64,2.30,2.94,3.31,0.83,0.16,1.35,1.75,3.74,8.26,0.452,0.60,1.69,0.356,1.18,1.53,0.770
Jeff Green,2016-2017,REG,Magic,69,22.23,9.25,0.57,2.54,3.10,1.17,0.54,0.19,1.09,1.49,3.19,8.09,0.394,0.77,2.80,0.275,2.10,2.43,0.863
Gerald Henderson,2016-2017,REG,76ers,72,23.15,9.19,0.47,2.10,2.57,1.56,0.56,0.21,0.86,1.79,3.25,7.68,0.423,0.85,2.40,0.353,1.85,2.29,0.806
Marquese Chriss,2016-2017,REG,Suns,82,21.26,9.18,1.17,3.07,4.24,0.73,0.82,0.85,1.32,3.21,3.46,7.71,0.449,0.88,2.73,0.321,1.38,2.21,0.624
Joe Johnson,2016-2017,REG,Jazz,78,23.63,9.17,0.42,2.69,3.12,1.85,0.46,0.23,0.88,1.19,3.50,8.03,0.436,1.36,3.31,0.411,0.81,0.99,0.818
Michael Kidd-Gilchrist,2016-2017,REG,Hornets,81,29.00,9.17,1.93,5.05,6.98,1.41,1.00,0.95,0.69,2.31,3.64,7.63,0.477,0.01,0.11,0.111,1.88,2.40,0.783
Jameer Nelson,2016-2017,REG,Nuggets,75,27.27,9.16,0.37,2.19,2.56,5.13,0.72,0.11,1.71,2.63,3.57,8.05,0.444,1.41,3.64,0.388,0.60,0.84,0.714
Channing Frye,2016-2017,REG,Cavaliers,74,18.89,9.14,0.50,3.42,3.92,0.61,0.45,0.50,0.72,1.86,3.22,7.03,0.458,1.85,4.53,0.409,0.85,1.00,0.851
Nene,2016-2017,REG,Rockets,67,17.88,9.09,1.42,2.79,4.21,0.97,0.84,0.58,1.09,2.43,3.66,5.93,0.617,0.04,0.13,0.334,1.73,2.94,0.589
Montrezl Harrell,2016-2017,REG,Rockets,58,18.34,9.09,1.40,2.38,3.78,1.10,0.34,0.72,0.76,2.17,3.88,5.95,0.652,0.02,0.12,0.143,1.31,2.09,0.628
Jodie Meeks,2016-2017,REG,Magic,36,20.49,9.08,0.14,2.00,2.14,1.25,0.94,0.11,1.00,1.14,2.86,7.11,0.402,1.56,3.81,0.409,1.81,2.06,0.878
Tony Allen,2016-2017,REG,Grizzlies,71,26.95,9.06,2.34,3.17,5.51,1.38,1.62,0.41,1.41,2.51,3.86,8.38,0.461,0.21,0.76,0.278,1.13,1.83,0.615
Kelly Olynyk,2016-2017,REG,Celtics,75,20.51,9.04,0.97,3.84,4.81,1.97,0.57,0.39,1.28,2.76,3.47,6.77,0.512,0.91,2.56,0.354,1.20,1.64,0.732
Evan Turner,2016-2017,REG,Trail Blazers,65,25.51,9.02,0.55,3.25,3.80,3.15,0.82,0.37,1.54,1.86,3.62,8.49,0.426,0.48,1.82,0.263,1.31,1.58,0.825
Dahntay Jones,2016-2017,REG,Cavaliers,1,12.00,9.00,1.00,1.00,2.00,1.00,0.00,0.00,1.00,1.00,3.00,8.00,0.375,0.00,2.00,0.000,3.00,4.00,0.750
Doug McDermott,2016-2017,REG,"Bulls, Thunder",66,22.84,8.97,0.30,2.41,2.71,0.88,0.20,0.08,0.58,1.20,3.36,7.53,0.447,1.17,3.15,0.370,1.08,1.27,0.845
JaMychal Green,2016-2017,REG,Grizzlies,77,27.29,8.95,2.17,4.90,7.06,1.09,0.61,0.44,1.22,3.22,3.25,6.49,0.500,0.71,1.88,0.379,1.74,2.17,0.802
DeMarre Carroll,2016-2017,REG,Raptors,72,26.13,8.86,0.88,2.94,3.82,1.03,1.13,0.38,0.75,1.99,3.06,7.64,0.400,1.51,4.44,0.341,1.24,1.63,0.761
Skal Labissiere,2016-2017,REG,Kings,33,18.53,8.76,1.55,3.36,4.91,0.82,0.48,0.39,1.12,1.94,3.55,6.61,0.537,0.09,0.24,0.375,1.58,2.24,0.703
Nerlens Noel,2016-2017,REG,"76ers, Mavericks",51,20.53,8.73,1.82,3.94,5.76,0.98,1.27,0.98,1.00,2.47,3.61,6.06,0.595,0.00,0.02,0.000,1.51,2.18,0.694
Al-Farouq Aminu,2016-2017,REG,Trail Blazers,61,29.07,8.72,1.26,6.13,7.39,1.62,0.98,0.72,1.54,1.67,3.00,7.64,0.393,1.15,3.48,0.330,1.57,2.23,0.706
Shawn Long,2016-2017,REG,76ers,17,13.74,8.71,2.41,2.59,5.00,0.76,0.53,0.53,0.76,2.88,3.59,6.41,0.560,0.41,1.12,0.368,1.12,2.06,0.543
Marreese Speights,2016-2017,REG,Clippers,82,15.68,8.67,1.07,3.48,4.55,0.79,0.28,0.50,0.84,2.79,2.98,6.68,0.445,1.26,3.38,0.372,1.46,1.67,0.876
Rondae Hollis-Jefferson,2016-2017,REG,Nets,78,22.58,8.65,1.23,4.56,5.79,1.97,1.05,0.56,1.49,2.27,3.01,6.95,0.434,0.19,0.86,0.224,2.44,3.24,0.751
J.R. Smith,2016-2017,REG,Cavaliers,41,28.96,8.56,0.41,2.34,2.76,1.51,0.98,0.27,0.63,1.88,3.00,8.68,0.346,2.32,6.61,0.351,0.24,0.37,0.667
Tony Snell,2016-2017,REG,Bucks,80,29.20,8.54,0.28,2.83,3.10,1.20,0.69,0.18,0.69,1.56,3.08,6.76,0.455,1.80,4.44,0.406,0.59,0.73,0.810
Monta Ellis,2016-2017,REG,Pacers,74,27.00,8.51,0.26,2.50,2.76,3.19,1.05,0.36,1.82,2.01,3.34,7.53,0.443,0.58,1.82,0.319,1.26,1.73,0.727
Tyson Chandler,2016-2017,REG,Suns,47,27.61,8.45,3.26,8.21,11.47,0.64,0.70,0.51,1.38,2.68,3.26,4.85,0.671,0.00,0.00,0.000,1.94,2.64,0.734
Arron Afflalo,2016-2017,REG,Kings,61,25.90,8.44,0.15,1.90,2.05,1.28,0.34,0.10,0.69,1.70,3.03,6.89,0.440,1.02,2.48,0.411,1.36,1.52,0.892
Norman Powell,2016-2017,REG,Raptors,76,18.00,8.37,0.34,1.88,2.22,1.08,0.68,0.18,0.92,1.67,2.99,6.66,0.449,0.74,2.28,0.324,1.66,2.09,0.792
Joe Harris,2016-2017,REG,Nets,52,21.89,8.23,0.31,2.52,2.83,1.04,0.58,0.15,1.06,2.33,2.96,6.96,0.425,1.63,4.25,0.385,0.67,0.94,0.714
Troy Daniels,2016-2017,REG,Grizzlies,67,17.66,8.22,0.33,1.16,1.49,0.69,0.30,0.06,0.67,1.34,2.76,7.39,0.374,2.06,5.30,0.389,0.64,0.81,0.796
Caris LeVert,2016-2017,REG,Nets,57,21.70,8.21,0.40,2.89,3.30,1.93,0.86,0.14,1.04,1.60,3.00,6.67,0.450,1.04,3.23,0.321,1.18,1.63,0.720
Willy Hernangomez,2016-2017,REG,Knicks,72,18.39,8.15,2.36,4.61,6.97,1.33,0.57,0.50,1.39,2.08,3.42,6.46,0.529,0.06,0.21,0.267,1.26,1.74,0.728
Willie Cauley-Stein,2016-2017,REG,Kings,75,18.94,8.15,1.13,3.39,4.52,1.07,0.71,0.59,0.92,1.96,3.40,6.41,0.530,0.00,0.03,0.000,1.35,2.01,0.669
Al Jefferson,2016-2017,REG,Pacers,66,14.10,8.11,1.14,3.08,4.21,0.86,0.29,0.24,0.50,1.89,3.56,7.14,0.499,0.00,0.02,0.000,0.98,1.29,0.765
Ben McLemore,2016-2017,REG,Kings,61,19.28,8.11,0.31,1.80,2.11,0.84,0.48,0.10,1.02,1.77,2.95,6.87,0.430,1.07,2.79,0.382,1.15,1.52,0.753
Tristan Thompson,2016-2017,REG,Cavaliers,78,29.95,8.08,3.67,5.50,9.17,0.99,0.50,1.08,0.82,2.26,3.36,5.60,0.600,0.00,0.04,0.000,1.36,2.73,0.498
Vince Carter,2016-2017,REG,Grizzlies,73,24.65,8.03,0.49,2.62,3.11,1.82,0.82,0.49,0.68,2.23,2.64,6.71,0.394,1.53,4.05,0.378,1.21,1.58,0.765
Alex Len,2016-2017,REG,Suns,77,20.25,7.96,2.03,4.60,6.62,0.57,0.49,1.27,1.32,3.14,2.99,6.01,0.497,0.04,0.16,0.250,1.95,2.70,0.721
Langston Galloway,2016-2017,REG,"Pelicans, Kings",74,20.20,7.91,0.36,1.74,2.11,1.26,0.62,0.08,0.62,1.30,2.80,7.36,0.380,1.62,4.16,0.390,0.69,0.86,0.797
D.J. Augustin,2016-2017,REG,Magic,78,19.72,7.90,0.19,1.31,1.50,2.68,0.40,0.01,1.15,1.29,2.50,6.63,0.377,1.22,3.51,0.347,1.68,2.06,0.814
Shelvin Mack,2016-2017,REG,Jazz,55,21.91,7.82,0.36,1.91,2.27,2.80,0.76,0.05,1.64,1.82,3.09,6.93,0.446,0.67,2.18,0.308,0.96,1.40,0.688
Rajon Rondo,2016-2017,REG,Bulls,69,26.71,7.80,1.06,4.09,5.14,6.68,1.43,0.16,2.45,2.09,3.32,8.13,0.408,0.72,1.93,0.376,0.43,0.72,0.600
Sergio Rodriguez,2016-2017,REG,76ers,68,22.32,7.79,0.31,2.00,2.31,5.06,0.72,0.06,1.88,1.40,3.09,7.88,0.392,1.35,3.71,0.365,0.26,0.40,0.667
Garrett Temple,2016-2017,REG,Kings,65,26.59,7.78,0.49,2.34,2.83,2.58,1.29,0.43,1.20,2.17,2.82,6.65,0.424,1.26,3.38,0.373,0.89,1.14,0.784
Justin Holiday,2016-2017,REG,Knicks,82,19.99,7.67,0.33,2.41,2.74,1.24,0.79,0.38,0.80,1.33,2.84,6.56,0.433,1.18,3.33,0.355,0.80,0.98,0.825
Matthew Dellavedova,2016-2017,REG,Bucks,76,26.13,7.59,0.32,1.62,1.93,4.70,0.70,0.00,1.75,2.01,2.74,7.03,0.390,1.04,2.83,0.367,1.08,1.26,0.854
Luol Deng,2016-2017,REG,Lakers,56,26.53,7.59,1.13,4.14,5.27,1.32,0.86,0.36,0.77,1.09,2.93,7.57,0.387,0.91,2.95,0.309,0.82,1.13,0.730
Andre Iguodala,2016-2017,REG,Warriors,76,26.28,7.55,0.67,3.33,4.00,3.43,1.00,0.51,0.76,1.28,2.88,5.46,0.528,0.84,2.33,0.362,0.95,1.34,0.706
Manu Ginobili,2016-2017,REG,Spurs,69,18.71,7.49,0.41,1.87,2.28,2.65,1.19,0.23,1.39,1.72,2.48,6.36,0.390,1.29,3.29,0.392,1.25,1.55,0.804
Ivica Zubac,2016-2017,REG,Lakers,38,16.01,7.47,1.08,3.11,4.18,0.79,0.37,0.87,0.79,1.74,3.32,6.26,0.529,0.00,0.08,0.000,0.84,1.29,0.653
Iman Shumpert,2016-2017,REG,Cavaliers,76,25.49,7.46,0.51,2.36,2.87,1.43,0.82,0.36,1.03,1.97,2.64,6.43,0.411,1.24,3.43,0.360,0.93,1.18,0.789
Isaiah Whitehead,2016-2017,REG,Nets,73,22.51,7.44,0.44,2.08,2.52,2.63,0.58,0.49,1.95,2.40,2.79,6.96,0.402,0.60,2.04,0.295,1.25,1.55,0.805
Timofey Mozgov,2016-2017,REG,Lakers,54,20.44,7.43,1.93,2.96,4.89,0.80,0.30,0.57,1.33,2.46,3.13,6.07,0.515,0.00,0.02,0.000,1.17,1.44,0.808
Alan Williams,2016-2017,REG,Suns,47,15.06,7.36,2.00,4.21,6.21,0.49,0.57,0.68,0.79,2.66,2.94,5.68,0.517,0.00,0.02,0.000,1.49,2.38,0.625
Archie Goodwin,2016-2017,REG,"Pelicans, Nets",15,14.28,7.33,0.47,1.40,1.87,1.60,0.27,0.33,0.93,0.53,2.40,4.40,0.545,0.33,1.00,0.333,2.20,2.80,0.786
Spencer Dinwiddie,2016-2017,REG,Nets,59,22.61,7.32,0.46,2.32,2.78,3.14,0.75,0.39,1.12,2.02,2.27,5.12,0.444,0.64,1.71,0.376,2.14,2.69,0.792
Danny Green,2016-2017,REG,Spurs,68,26.57,7.31,0.46,2.84,3.29,1.82,1.03,0.84,1.12,1.76,2.59,6.60,0.392,1.74,4.57,0.379,0.40,0.47,0.844
David Lee,2016-2017,REG,Spurs,79,18.69,7.29,1.89,3.70,5.58,1.57,0.39,0.51,1.04,1.58,3.14,5.32,0.590,0.00,0.00,0.000,1.01,1.43,0.708
Tyler Ulis,2016-2017,REG,Suns,61,18.41,7.28,0.33,1.23,1.56,3.70,0.79,0.08,1.26,1.20,3.02,7.16,0.421,0.34,1.30,0.266,0.90,1.16,0.775
Rodney Stuckey,2016-2017,REG,Pacers,39,17.85,7.21,0.15,2.00,2.15,2.15,0.41,0.00,1.36,1.13,2.33,6.26,0.373,0.49,1.54,0.317,2.05,2.74,0.748
Thabo Sefolosha,2016-2017,REG,Hawks,62,25.73,7.16,0.87,3.48,4.35,1.73,1.55,0.50,0.94,1.56,2.81,6.37,0.441,0.66,1.94,0.342,0.89,1.21,0.733
Tim Frazier,2016-2017,REG,Pelicans,65,23.46,7.14,0.52,2.14,2.66,5.15,0.86,0.09,1.55,2.05,2.51,6.22,0.403,0.62,1.97,0.313,1.51,1.98,0.760
Larry Nance Jr.,2016-2017,REG,Lakers,63,22.89,7.13,1.90,3.95,5.86,1.52,1.30,0.62,0.89,2.37,3.02,5.73,0.526,0.16,0.57,0.278,0.94,1.27,0.738
Matt Barnes,2016-2017,REG,"Kings, Warriors",74,24.00,7.12,0.95,4.24,5.19,2.64,0.65,0.35,1.45,2.50,2.50,6.39,0.391,1.18,3.55,0.331,0.95,1.20,0.786
Brandon Jennings,2016-2017,REG,"Knicks, Wizards",81,22.24,7.12,0.36,2.06,2.42,4.88,0.86,0.05,1.58,1.43,2.37,6.60,0.359,0.98,3.11,0.313,1.41,1.88,0.750
Joe Ingles,2016-2017,REG,Jazz,82,24.05,7.09,0.28,2.90,3.18,2.74,1.17,0.10,1.30,1.99,2.49,5.50,0.452,1.50,3.40,0.441,0.61,0.83,0.735
Anthony Tolliver,2016-2017,REG,Kings,65,22.72,7.09,0.78,2.86,3.65,1.18,0.52,0.31,0.86,1.68,2.38,5.40,0.442,1.38,3.54,0.391,0.94,1.26,0.744
Justin Anderson,2016-2017,REG,"Mavericks, 76ers",75,16.37,7.09,0.92,2.35,3.27,0.88,0.55,0.31,0.88,1.45,2.48,5.85,0.424,0.77,2.59,0.299,1.36,1.72,0.791
Solomon Hill,2016-2017,REG,Pelicans,80,29.68,7.04,0.64,3.20,3.84,1.76,0.90,0.40,1.03,2.28,2.29,5.98,0.383,1.18,3.38,0.348,1.29,1.60,0.805
Josh Huestis,2016-2017,REG,Thunder,2,15.44,7.00,2.00,2.50,4.50,1.50,0.00,1.50,0.00,0.00,3.00,5.50,0.545,1.00,2.00,0.500,0.00,0.50,0.000
Justin Hamilton,2016-2017,REG,Nets,64,18.38,6.91,1.11,2.98,4.09,0.86,0.45,0.67,0.67,1.42,2.72,5.92,0.459,0.86,2.81,0.306,0.61,0.81,0.750
TJ McConnell,2016-2017,REG,76ers,81,26.34,6.86,0.48,2.62,3.10,6.59,1.65,0.12,1.96,1.72,2.91,6.32,0.461,0.14,0.68,0.200,0.90,1.11,0.811
Patrick Patterson,2016-2017,REG,Raptors,65,24.59,6.85,0.95,3.55,4.51,1.17,0.62,0.35,0.58,1.85,2.37,5.91,0.401,1.45,3.89,0.372,0.66,0.92,0.717
Ian Clark,2016-2017,REG,Warriors,77,14.76,6.84,0.29,1.29,1.57,1.17,0.51,0.10,0.71,1.00,2.74,5.62,0.487,0.79,2.12,0.374,0.57,0.75,0.759
Bobby Portis,2016-2017,REG,Bulls,64,15.63,6.83,1.17,3.45,4.63,0.55,0.25,0.17,0.58,1.47,2.86,5.86,0.488,0.50,1.50,0.333,0.61,0.92,0.661
Lance Stephenson,2016-2017,REG,"Pelicans, Timberwolves, Pacers",18,20.09,6.78,0.22,2.67,2.89,3.28,0.28,0.17,1.44,1.78,3.00,6.67,0.450,0.33,1.11,0.300,0.44,0.72,0.615
Jared Dudley,2016-2017,REG,Suns,64,21.29,6.78,0.48,3.03,3.52,1.89,0.66,0.25,1.14,2.41,2.45,5.41,0.454,1.20,3.17,0.379,0.67,1.02,0.662
John Henson,2016-2017,REG,Bucks,58,19.35,6.76,1.59,3.50,5.09,0.98,0.50,1.34,0.90,2.60,2.74,5.33,0.515,0.00,0.02,0.000,1.28,1.84,0.692
Brandan Wright,2016-2017,REG,Grizzlies,28,15.96,6.75,1.11,1.68,2.79,0.54,0.39,0.71,0.36,1.50,2.96,4.82,0.615,0.00,0.04,0.000,0.82,1.25,0.657
Alec Burks,2016-2017,REG,Jazz,42,15.55,6.74,0.40,2.45,2.86,0.71,0.43,0.12,0.83,1.19,2.36,5.90,0.399,0.60,1.81,0.329,1.43,1.86,0.769
Raymond Felton,2016-2017,REG,Clippers,80,21.25,6.73,0.41,2.31,2.73,2.39,0.83,0.28,1.04,1.56,2.76,6.43,0.430,0.58,1.80,0.319,0.63,0.80,0.781
Devin Harris,2016-2017,REG,Mavericks,65,16.73,6.72,0.17,1.78,1.95,2.09,0.66,0.11,0.88,1.55,2.09,5.25,0.399,0.89,2.72,0.328,1.65,1.98,0.829
James Ennis,2016-2017,REG,Grizzlies,64,23.45,6.70,1.08,2.97,4.05,1.00,0.72,0.30,0.92,2.58,2.28,5.02,0.455,0.80,2.14,0.372,1.34,1.72,0.782
Dwight Powell,2016-2017,REG,Mavericks,77,17.32,6.70,1.21,2.77,3.97,0.64,0.79,0.51,0.44,1.75,2.52,4.90,0.515,0.27,0.96,0.284,1.39,1.83,0.759
PJ Tucker,2016-2017,REG,"Suns, Raptors",81,27.60,6.67,1.44,4.37,5.81,1.22,1.43,0.23,0.81,2.42,2.46,5.95,0.413,0.86,2.42,0.357,0.89,1.15,0.774
Marcus Thornton,2016-2017,REG,Wizards,33,17.41,6.64,0.67,1.64,2.30,1.24,0.58,0.09,0.76,1.45,2.55,6.36,0.400,0.85,2.42,0.350,0.70,0.82,0.852
Kosta Koufos,2016-2017,REG,Kings,71,19.99,6.62,1.66,4.01,5.68,0.66,0.51,0.68,0.86,2.42,3.04,5.52,0.551,0.00,0.01,0.000,0.54,0.87,0.613
Andre Roberson,2016-2017,REG,Thunder,79,30.07,6.61,1.24,3.86,5.10,1.00,1.19,1.00,0.65,2.58,2.72,5.86,0.464,0.57,2.33,0.245,0.59,1.41,0.423
Jaylen Brown,2016-2017,REG,Celtics,78,17.20,6.60,0.58,2.24,2.82,0.82,0.45,0.23,0.87,1.82,2.46,5.42,0.454,0.59,1.73,0.341,1.09,1.59,0.685
Michael Carter-Williams,2016-2017,REG,Bulls,45,18.81,6.60,0.53,2.87,3.40,2.51,0.84,0.51,1.47,2.27,2.49,6.80,0.366,0.33,1.42,0.234,1.29,1.71,0.753
Dante Cunningham,2016-2017,REG,Pelicans,66,24.98,6.59,0.85,3.35,4.20,0.56,0.59,0.42,0.42,1.52,2.64,5.44,0.485,1.08,2.74,0.392,0.24,0.41,0.593
Sam Dekker,2016-2017,REG,Rockets,77,18.43,6.55,1.22,2.47,3.69,0.99,0.49,0.27,0.53,1.08,2.64,5.57,0.473,0.78,2.43,0.321,0.49,0.88,0.559
Amir Johnson,2016-2017,REG,Celtics,80,20.10,6.50,1.48,3.10,4.58,1.75,0.64,0.78,0.96,2.64,2.66,4.63,0.576,0.34,0.83,0.409,0.84,1.25,0.670
Timothe Luwawu,2016-2017,REG,76ers,69,17.25,6.45,0.36,1.80,2.16,1.09,0.46,0.14,1.06,2.23,2.10,5.23,0.402,0.72,2.33,0.311,1.52,1.78,0.854
Mirza Teletovic,2016-2017,REG,Bucks,70,16.19,6.44,0.16,2.16,2.31,0.69,0.17,0.19,0.53,1.56,2.23,5.97,0.373,1.49,4.36,0.341,0.50,0.64,0.778
Darrell Arthur,2016-2017,REG,Nuggets,41,15.57,6.39,0.61,2.12,2.73,1.02,0.46,0.51,0.88,1.85,2.32,5.24,0.442,1.29,2.85,0.453,0.46,0.54,0.864
Rodney McGruder,2016-2017,REG,Heat,78,25.20,6.37,1.21,2.08,3.28,1.59,0.59,0.23,0.72,1.79,2.44,5.90,0.413,0.94,2.82,0.332,0.56,0.91,0.620
Kelly Oubre,2016-2017,REG,Wizards,79,20.32,6.34,0.77,2.53,3.30,0.59,0.73,0.22,0.63,2.47,2.35,5.59,0.421,0.68,2.38,0.287,0.95,1.25,0.758
Kyle O'Quinn,2016-2017,REG,Knicks,79,15.56,6.28,1.99,3.57,5.56,1.48,0.46,1.32,0.96,2.20,2.72,5.23,0.521,0.03,0.22,0.118,0.81,1.05,0.771
Leandro Barbosa,2016-2017,REG,Suns,67,14.38,6.25,0.22,1.33,1.55,1.21,0.46,0.12,0.72,1.22,2.57,5.85,0.439,0.52,1.46,0.357,0.60,0.67,0.889
Mindaugas Kuzminskas,2016-2017,REG,Knicks,68,14.95,6.25,0.69,1.16,1.85,1.01,0.43,0.16,0.75,1.16,2.32,5.43,0.428,0.79,2.47,0.321,0.81,1.00,0.809
Jonathan Gibson,2016-2017,REG,Mavericks,17,13.60,6.24,0.06,1.24,1.29,1.53,0.47,0.00,1.24,1.24,2.06,5.59,0.368,0.88,2.65,0.333,1.24,1.71,0.724
Dante Exum,2016-2017,REG,Jazz,66,18.60,6.24,0.45,1.55,2.00,1.68,0.32,0.18,1.21,2.21,2.35,5.50,0.427,0.67,2.26,0.295,0.88,1.11,0.795
Spencer Hawes,2016-2017,REG,"Hornets, Bucks",54,14.76,6.24,0.70,2.83,3.54,1.50,0.28,0.56,0.91,1.43,2.48,5.13,0.484,0.46,1.50,0.309,0.81,0.96,0.846
Ramon Sessions,2016-2017,REG,Hornets,50,16.21,6.24,0.22,1.24,1.46,2.58,0.54,0.06,0.92,0.86,2.00,5.26,0.380,0.42,1.24,0.339,1.82,2.36,0.771
Mike Muscala,2016-2017,REG,Hawks,70,17.67,6.21,1.09,2.34,3.43,1.36,0.43,0.59,0.79,1.39,2.43,4.81,0.504,0.66,1.57,0.418,0.70,0.91,0.766
Trey Lyles,2016-2017,REG,Jazz,71,16.32,6.20,0.68,2.63,3.31,0.97,0.37,0.28,0.90,1.37,2.24,6.18,0.362,0.92,2.87,0.319,0.80,1.11,0.721
Nemanja Bjelica,2016-2017,REG,Timberwolves,65,18.30,6.20,0.88,2.88,3.75,1.22,0.62,0.31,0.91,2.37,2.32,5.48,0.424,0.86,2.72,0.316,0.69,0.94,0.738
Jonathon Simmons,2016-2017,REG,Spurs,78,17.85,6.19,0.26,1.79,2.05,1.62,0.60,0.32,0.97,1.87,2.27,5.40,0.420,0.38,1.31,0.294,1.27,1.69,0.750
Chandler Parsons,2016-2017,REG,Grizzlies,34,19.84,6.18,0.18,2.29,2.47,1.62,0.59,0.15,0.71,1.53,2.21,6.53,0.338,0.74,2.74,0.269,1.03,1.26,0.814
Troy Williams,2016-2017,REG,"Grizzlies, Rockets",30,18.56,6.17,0.50,1.80,2.30,0.83,0.90,0.33,1.07,2.00,2.43,5.57,0.437,0.60,2.07,0.290,0.70,1.07,0.656
JaVale McGee,2016-2017,REG,Warriors,77,9.60,6.13,1.30,1.87,3.17,0.22,0.25,0.87,0.52,1.42,2.70,4.14,0.652,0.00,0.04,0.000,0.73,1.44,0.505
Zaza Pachulia,2016-2017,REG,Warriors,70,18.12,6.09,2.00,3.86,5.86,1.89,0.84,0.47,1.24,2.37,2.34,4.39,0.534,0.00,0.03,0.000,1.40,1.80,0.778
Derrick Williams,2016-2017,REG,"Heat, Cavaliers",50,16.09,6.08,0.38,2.22,2.60,0.56,0.28,0.14,0.56,1.20,2.16,4.88,0.443,0.60,1.94,0.309,1.16,1.78,0.652
Glenn Robinson,2016-2017,REG,Pacers,69,20.68,6.07,0.83,2.74,3.57,0.68,0.59,0.29,0.54,0.91,2.29,4.90,0.467,0.71,1.81,0.392,0.78,1.10,0.711
Luc Mbah a Moute,2016-2017,REG,Clippers,80,22.34,6.05,0.55,1.58,2.13,0.49,1.01,0.44,0.58,1.53,2.39,4.73,0.505,0.54,1.38,0.391,0.74,1.09,0.678
David Nwaba,2016-2017,REG,Lakers,20,19.86,6.00,0.85,2.30,3.15,0.70,0.65,0.35,0.55,1.80,2.35,4.05,0.580,0.05,0.25,0.200,1.25,1.95,0.641
Jordan Farmar,2016-2017,REG,Kings,2,17.69,6.00,0.50,1.00,1.50,4.50,1.00,0.00,1.50,0.50,2.00,6.00,0.333,2.00,4.50,0.444,0.00,0.00,0.000
Lance Thomas,2016-2017,REG,Knicks,46,21.04,5.98,0.70,2.39,3.09,0.76,0.46,0.11,0.54,1.85,2.11,5.30,0.398,0.83,1.85,0.447,0.93,1.11,0.843
Alex Abrines,2016-2017,REG,Thunder,68,15.52,5.97,0.26,1.00,1.26,0.59,0.54,0.12,0.49,1.68,1.97,5.01,0.393,1.38,3.63,0.381,0.65,0.72,0.898
Bismack Biyombo,2016-2017,REG,Magic,81,22.14,5.96,1.94,5.06,7.00,0.91,0.31,1.12,1.17,2.49,2.21,4.19,0.528,0.00,0.00,0.000,1.54,2.89,0.534
Domantas Sabonis,2016-2017,REG,Thunder,81,20.14,5.91,0.57,2.99,3.56,1.01,0.48,0.40,1.02,2.47,2.37,5.94,0.399,0.63,1.96,0.321,0.54,0.83,0.657
Andrew Harrison,2016-2017,REG,Grizzlies,72,20.47,5.90,0.32,1.57,1.89,2.75,0.74,0.29,1.18,2.69,1.63,5.00,0.325,0.60,2.17,0.276,2.06,2.69,0.763
Jerian Grant,2016-2017,REG,Bulls,63,16.32,5.87,0.27,1.49,1.76,1.92,0.75,0.13,0.70,1.48,2.03,4.78,0.425,0.78,2.13,0.366,1.03,1.16,0.890
Quincy Acy,2016-2017,REG,"Mavericks, Nets",38,14.68,5.84,0.53,2.50,3.03,0.47,0.37,0.39,0.55,1.76,1.84,4.47,0.412,0.97,2.37,0.411,1.18,1.58,0.750
Beno Udrih,2016-2017,REG,Pistons,39,14.36,5.82,0.15,1.31,1.46,3.36,0.33,0.00,0.92,0.74,2.36,5.05,0.467,0.28,0.82,0.344,0.82,0.87,0.941
Tarik Black,2016-2017,REG,Lakers,67,16.28,5.72,2.15,2.97,5.12,0.58,0.43,0.66,0.87,2.58,2.24,4.39,0.510,0.01,0.03,0.498,1.22,1.63,0.752
Taurean Prince,2016-2017,REG,Hawks,59,16.63,5.68,0.42,2.24,2.66,0.93,0.73,0.46,1.03,1.63,1.93,4.83,0.400,0.56,1.73,0.324,1.25,1.59,0.787
Jason Smith,2016-2017,REG,Wizards,74,14.43,5.68,0.86,2.62,3.49,0.50,0.28,0.73,0.78,2.27,2.35,4.45,0.529,0.50,1.05,0.474,0.47,0.69,0.686
Richard Jefferson,2016-2017,REG,Cavaliers,79,20.43,5.67,0.35,2.22,2.57,0.99,0.33,0.13,0.66,1.94,1.94,4.34,0.446,0.78,2.35,0.333,1.01,1.37,0.741
Quinn Cook,2016-2017,REG,"Mavericks, Pelicans",14,13.39,5.64,0.07,0.43,0.50,1.86,0.29,0.00,0.93,0.93,2.36,4.71,0.500,0.79,1.86,0.423,0.14,0.36,0.400
Georgios Papagiannis,2016-2017,REG,Kings,22,16.14,5.64,1.09,2.82,3.91,0.91,0.14,0.77,1.09,2.00,2.55,4.64,0.549,0.00,0.09,0.000,0.55,0.64,0.857
Boban Marjanovic,2016-2017,REG,Pistons,34,8.63,5.62,1.35,2.47,3.82,0.26,0.18,0.35,0.29,0.74,2.12,3.88,0.545,0.00,0.00,0.000,1.38,1.71,0.810
Brandon Bass,2016-2017,REG,Clippers,52,11.09,5.62,0.83,1.65,2.48,0.40,0.27,0.21,0.56,0.87,2.06,3.58,0.575,0.02,0.06,0.333,1.48,1.69,0.875
Ian Mahinmi,2016-2017,REG,Wizards,31,17.90,5.58,1.52,3.32,4.84,0.61,1.06,0.77,1.10,2.90,2.10,3.58,0.586,0.00,0.00,0.000,1.39,2.42,0.573
Gerald Green,2016-2017,REG,Celtics,47,11.44,5.57,0.34,1.45,1.79,0.70,0.19,0.15,0.53,1.02,2.02,4.94,0.409,0.83,2.36,0.351,0.70,0.87,0.805
Delon Wright,2016-2017,REG,Raptors,27,16.54,5.56,0.59,1.19,1.78,2.11,1.00,0.41,0.93,1.15,1.81,4.30,0.422,0.37,1.11,0.333,1.56,2.04,0.764
Terry Rozier,2016-2017,REG,Celtics,74,17.07,5.54,0.54,2.53,3.07,1.77,0.62,0.15,0.64,0.93,2.04,5.55,0.367,0.77,2.42,0.318,0.69,0.89,0.773
Anthony Morrow,2016-2017,REG,"Thunder, Bulls",49,14.57,5.53,0.24,0.39,0.63,0.51,0.49,0.04,0.12,0.90,2.00,5.14,0.389,0.84,2.71,0.308,0.69,0.76,0.919
Jerami Grant,2016-2017,REG,"76ers, Thunder",80,19.14,5.46,0.48,2.09,2.56,0.58,0.41,0.99,0.55,1.86,1.90,4.10,0.463,0.54,1.45,0.371,1.13,1.84,0.612
Paul Zipser,2016-2017,REG,Bulls,44,19.17,5.45,0.34,2.50,2.84,0.82,0.34,0.36,0.91,1.77,2.00,5.02,0.398,0.75,2.25,0.333,0.70,0.91,0.775
Meyers Leonard,2016-2017,REG,Trail Blazers,74,16.52,5.42,0.36,2.84,3.20,0.96,0.18,0.38,0.47,2.32,1.97,5.11,0.386,1.00,2.88,0.347,0.47,0.54,0.875
Joffrey Lauvergne,2016-2017,REG,"Thunder, Bulls",70,14.00,5.36,1.03,2.56,3.59,1.00,0.36,0.09,0.80,1.19,2.11,4.80,0.440,0.47,1.40,0.337,0.66,1.04,0.630
Malcolm Delaney,2016-2017,REG,Hawks,73,17.09,5.36,0.14,1.55,1.68,2.64,0.53,0.01,1.30,1.53,1.99,5.32,0.374,0.36,1.51,0.236,1.03,1.27,0.806
Alexis Ajinca,2016-2017,REG,Pelicans,39,14.98,5.31,1.18,3.36,4.54,0.31,0.51,0.56,0.79,1.97,2.28,4.56,0.500,0.00,0.10,0.000,0.74,1.03,0.725
Chasson Randle,2016-2017,REG,"76ers, Knicks",26,11.50,5.27,0.23,1.00,1.23,1.31,0.35,0.08,0.73,1.50,1.54,3.77,0.408,0.62,1.81,0.340,1.58,1.65,0.954
Willie Reed,2016-2017,REG,Heat,71,14.52,5.27,1.82,2.86,4.68,0.37,0.25,0.66,0.44,1.93,2.28,4.01,0.568,0.01,0.06,0.250,0.69,1.24,0.557
"Derrick Jones, Jr.",2016-2017,REG,Suns,32,17.05,5.25,1.22,1.25,2.47,0.38,0.44,0.41,0.41,1.97,2.13,3.78,0.562,0.09,0.34,0.273,0.91,1.28,0.707
Mike Dunleavy,2016-2017,REG,"Cavaliers, Hawks",53,15.87,5.19,0.34,1.83,2.17,0.94,0.28,0.13,0.53,1.26,1.75,4.15,0.423,1.00,2.53,0.396,0.68,0.85,0.800
Randy Foye,2016-2017,REG,Nets,69,18.61,5.17,0.13,2.12,2.25,1.96,0.51,0.13,1.16,1.43,1.71,4.71,0.363,0.97,2.94,0.330,0.78,0.91,0.857
Omri Casspi,2016-2017,REG,"Kings, Pelicans, Timberwolves",36,17.84,5.17,0.75,2.36,3.11,1.03,0.64,0.08,0.81,1.39,2.14,4.56,0.470,0.42,1.19,0.349,0.47,0.81,0.586
Cameron Payne,2016-2017,REG,"Thunder, Bulls",31,14.91,5.16,0.10,1.45,1.55,1.77,0.45,0.13,0.94,1.68,2.06,6.23,0.332,0.87,2.77,0.314,0.16,0.26,0.625
Hollis Thompson,2016-2017,REG,"76ers, Pelicans",40,18.81,5.13,0.48,2.33,2.80,0.88,0.50,0.15,0.28,1.73,1.93,5.00,0.385,0.80,2.38,0.337,0.48,0.73,0.655
Shaun Livingston,2016-2017,REG,Warriors,76,17.69,5.12,0.37,1.62,1.99,1.83,0.50,0.26,0.82,1.58,2.28,4.16,0.547,0.01,0.04,0.334,0.55,0.79,0.700
Cheick Diallo,2016-2017,REG,Pelicans,17,11.69,5.12,1.35,2.94,4.29,0.24,0.24,0.41,0.41,1.00,2.12,4.47,0.474,0.00,0.00,0.000,0.88,1.24,0.714
Luis Scola,2016-2017,REG,Nets,36,12.80,5.11,1.42,2.44,3.86,1.03,0.39,0.11,0.94,1.75,1.97,4.19,0.470,0.47,1.39,0.340,0.69,1.03,0.676
Denzel Valentine,2016-2017,REG,Bulls,57,17.13,5.11,0.19,2.46,2.65,1.11,0.53,0.12,0.86,1.51,1.79,5.05,0.354,1.28,3.65,0.351,0.25,0.32,0.778
Dewayne Dedmon,2016-2017,REG,Spurs,76,17.50,5.09,1.70,4.83,6.53,0.58,0.49,0.80,0.80,2.37,2.12,3.41,0.622,0.00,0.00,0.000,0.86,1.22,0.699
Wayne Selden,2016-2017,REG,"Pelicans, Grizzlies",14,16.86,5.07,0.07,1.07,1.14,0.93,0.43,0.07,0.86,1.29,1.79,4.14,0.431,0.50,2.00,0.250,1.00,1.57,0.636
Joakim Noah,2016-2017,REG,Knicks,46,22.06,5.04,3.52,5.24,8.76,2.24,0.65,0.80,1.26,2.76,2.15,4.39,0.490,0.00,0.02,0.000,0.74,1.70,0.436
Thomas Robinson,2016-2017,REG,Lakers,48,11.68,5.02,1.75,2.90,4.65,0.65,0.54,0.19,0.96,1.58,2.19,4.08,0.536,0.00,0.02,0.000,0.65,1.38,0.470
Anthony Bennett,2016-2017,REG,Nets,23,11.48,5.00,1.09,2.30,3.39,0.52,0.22,0.13,0.52,0.78,1.65,4.00,0.413,0.57,2.09,0.271,1.13,1.57,0.722
Trey Burke,2016-2017,REG,Wizards,57,12.33,5.00,0.12,0.70,0.82,1.75,0.19,0.09,0.84,0.95,2.04,4.47,0.455,0.54,1.23,0.443,0.39,0.51,0.759
Aaron Brooks,2016-2017,REG,Pacers,65,13.75,4.95,0.28,0.78,1.06,1.92,0.38,0.14,1.02,1.43,1.86,4.62,0.403,0.74,1.97,0.375,0.49,0.62,0.800
Juan Hernangomez,2016-2017,REG,Nuggets,62,13.58,4.92,0.69,2.32,3.02,0.47,0.48,0.19,0.50,1.00,1.63,3.61,0.451,0.74,1.82,0.407,0.92,1.23,0.750
Mario Hezonja,2016-2017,REG,Magic,65,14.77,4.88,0.31,1.94,2.25,0.95,0.46,0.23,0.89,1.14,1.80,5.08,0.355,0.66,2.22,0.299,0.62,0.77,0.800
Tiago Splitter,2016-2017,REG,76ers,8,9.50,4.88,1.00,1.75,2.75,0.50,0.13,0.13,0.75,1.00,1.75,3.88,0.452,0.25,0.75,0.333,1.13,1.38,0.818
Toney Douglas,2016-2017,REG,Grizzlies,24,16.41,4.88,0.54,2.00,2.54,2.33,0.75,0.21,0.88,2.08,1.79,4.88,0.368,0.29,1.75,0.167,1.00,1.21,0.828
Aron Baynes,2016-2017,REG,Pistons,75,15.50,4.87,1.48,2.96,4.44,0.43,0.23,0.52,0.67,2.21,1.91,3.72,0.513,0.00,0.00,0.000,1.05,1.25,0.840
Josh McRoberts,2016-2017,REG,Heat,22,17.33,4.86,1.05,2.32,3.36,2.27,0.45,0.18,1.05,1.41,2.00,5.36,0.373,0.59,1.41,0.419,0.27,0.41,0.667
Jarell Eddie,2016-2017,REG,Suns,5,12.47,4.80,0.20,1.20,1.40,0.00,0.20,0.00,0.20,0.20,1.20,3.80,0.316,0.80,3.20,0.250,1.60,1.80,0.889
Cristiano Felicio,2016-2017,REG,Bulls,66,15.76,4.79,1.88,2.83,4.71,0.61,0.38,0.26,0.50,1.67,1.94,3.35,0.579,0.00,0.00,0.000,0.91,1.41,0.645
Luke Babbitt,2016-2017,REG,Heat,68,15.66,4.76,0.18,1.90,2.07,0.53,0.29,0.16,0.37,1.74,1.66,4.13,0.402,1.28,3.09,0.414,0.16,0.22,0.733
Kevin Seraphin,2016-2017,REG,Pacers,49,11.41,4.73,0.84,2.06,2.90,0.47,0.14,0.41,0.59,1.35,2.22,4.04,0.551,0.00,0.04,0.000,0.29,0.45,0.636
David West,2016-2017,REG,Warriors,68,12.56,4.65,0.69,2.29,2.99,2.22,0.62,0.71,1.15,1.54,1.99,3.71,0.536,0.04,0.12,0.375,0.63,0.82,0.768
Isaiah Canaan,2016-2017,REG,Bulls,39,15.18,4.64,0.15,1.13,1.28,0.95,0.56,0.03,0.54,0.90,1.62,4.44,0.364,0.64,2.41,0.266,0.77,0.85,0.909
Boris Diaw,2016-2017,REG,Jazz,73,17.57,4.63,0.63,1.53,2.16,2.33,0.25,0.12,1.19,1.14,2.00,4.48,0.446,0.27,1.11,0.247,0.36,0.48,0.743
Roy Hibbert,2016-2017,REG,"Hornets, Bucks, Nuggets",48,14.21,4.60,1.13,2.04,3.17,0.44,0.17,0.96,0.67,2.08,1.67,3.06,0.544,0.00,0.00,0.000,1.27,1.56,0.813
Kris Humphries,2016-2017,REG,Hawks,56,12.30,4.59,1.07,2.61,3.68,0.52,0.27,0.38,0.50,1.23,1.55,3.82,0.407,0.34,0.96,0.352,1.14,1.46,0.781
Reggie Bullock,2016-2017,REG,Pistons,31,15.06,4.55,0.42,1.65,2.06,0.94,0.58,0.10,0.32,0.71,1.74,4.13,0.422,0.90,2.35,0.384,0.16,0.23,0.714
CJ Watson,2016-2017,REG,Magic,62,16.33,4.53,0.26,1.18,1.44,1.84,0.69,0.03,0.76,1.35,1.55,4.00,0.387,0.52,1.69,0.305,0.92,1.06,0.864
Davis Bertans,2016-2017,REG,Spurs,67,12.05,4.52,0.33,1.13,1.46,0.69,0.30,0.42,0.48,1.12,1.54,3.49,0.440,1.03,2.58,0.399,0.42,0.51,0.823
Corey Brewer,2016-2017,REG,"Rockets, Lakers",82,15.63,4.52,0.39,1.63,2.02,1.18,0.74,0.24,0.67,1.62,1.79,4.24,0.422,0.33,1.44,0.229,0.61,0.83,0.735
Reggie Williams,2016-2017,REG,Pelicans,6,13.24,4.50,0.33,0.67,1.00,0.67,0.50,0.00,0.00,0.33,1.33,3.83,0.348,0.83,1.83,0.455,1.00,1.17,0.857
Lucas Nogueira,2016-2017,REG,Raptors,57,19.09,4.44,1.44,2.84,4.28,0.74,0.91,1.56,0.81,2.40,1.81,2.74,0.660,0.05,0.21,0.250,0.77,1.18,0.657
Jarrod Uthoff,2016-2017,REG,Mavericks,9,12.75,4.44,0.89,1.56,2.44,1.00,0.22,0.44,0.33,0.89,1.78,4.22,0.421,0.33,1.00,0.333,0.56,0.78,0.714
Noah Vonleh,2016-2017,REG,Trail Blazers,74,17.10,4.42,1.77,3.46,5.23,0.42,0.41,0.36,0.86,2.08,1.76,3.65,0.481,0.09,0.27,0.350,0.81,1.27,0.638
Donatas Motiejunas,2016-2017,REG,Pelicans,34,14.08,4.41,0.76,2.21,2.97,0.94,0.53,0.32,0.91,1.62,1.68,4.06,0.413,0.32,1.38,0.234,0.74,1.44,0.510
Stanley Johnson,2016-2017,REG,Pistons,77,17.80,4.40,0.47,1.99,2.45,1.36,0.73,0.31,0.92,1.57,1.68,4.74,0.353,0.58,2.00,0.292,0.47,0.69,0.679
Pierre Jackson,2016-2017,REG,Mavericks,8,10.55,4.38,0.13,1.00,1.13,2.38,0.25,0.00,0.38,0.63,1.63,4.88,0.333,0.38,1.38,0.273,0.75,0.88,0.857
Ed Davis,2016-2017,REG,Trail Blazers,46,17.15,4.35,2.09,3.22,5.30,0.57,0.33,0.48,0.80,2.98,1.63,3.09,0.528,0.00,0.00,0.000,1.09,1.76,0.617
Jordan McRae,2016-2017,REG,Cavaliers,37,10.37,4.35,0.16,0.95,1.11,0.51,0.22,0.16,0.38,0.84,1.57,4.05,0.387,0.49,1.38,0.353,0.73,0.92,0.794
Dorian Finney-Smith,2016-2017,REG,Mavericks,81,20.27,4.32,0.68,2.06,2.74,0.83,0.64,0.31,0.56,1.54,1.53,4.11,0.372,0.69,2.36,0.293,0.57,0.75,0.754
Tyler Ennis,2016-2017,REG,"Rockets, Lakers",53,11.10,4.30,0.17,0.68,0.85,1.62,0.47,0.04,0.85,1.09,1.70,3.92,0.433,0.51,1.32,0.386,0.40,0.47,0.840
KJ McDaniels,2016-2017,REG,"Rockets, Nets",49,10.32,4.20,0.31,1.37,1.67,0.27,0.39,0.37,0.59,1.00,1.57,3.45,0.456,0.41,1.35,0.303,0.65,0.78,0.842
Brandon Rush,2016-2017,REG,Timberwolves,47,21.91,4.19,0.34,1.77,2.11,0.96,0.47,0.49,0.60,0.89,1.49,3.98,0.374,0.94,2.43,0.386,0.28,0.38,0.722
Pascal Siakam,2016-2017,REG,Raptors,55,15.62,4.16,1.16,2.20,3.36,0.31,0.47,0.82,0.60,1.98,1.87,3.73,0.502,0.02,0.13,0.143,0.40,0.58,0.688
Jason Terry,2016-2017,REG,Bucks,74,18.44,4.15,0.20,1.23,1.43,1.32,0.62,0.27,0.49,1.28,1.42,3.28,0.432,0.99,2.31,0.427,0.32,0.39,0.828
Ron Baker,2016-2017,REG,Knicks,52,16.48,4.13,0.23,1.65,1.88,2.06,0.65,0.15,1.08,1.42,1.58,4.17,0.378,0.44,1.65,0.267,0.54,0.83,0.651
Shabazz Napier,2016-2017,REG,Trail Blazers,53,9.66,4.11,0.15,1.00,1.15,1.26,0.60,0.04,0.77,0.72,1.38,3.45,0.399,0.64,1.74,0.370,0.72,0.92,0.776
Justin Harper,2016-2017,REG,76ers,3,10.44,4.00,0.67,1.00,1.67,0.67,0.00,0.00,1.33,0.67,1.67,4.00,0.417,0.67,2.33,0.286,0.00,0.00,0.000
Edy Tavares,2016-2017,REG,"Hawks, Cavaliers",2,13.80,4.00,2.00,3.50,5.50,0.50,0.00,3.00,1.00,1.50,2.00,2.50,0.800,0.00,0.00,0.000,0.00,1.50,0.000
Patrick McCaw,2016-2017,REG,Warriors,71,15.13,3.97,0.30,1.11,1.41,1.08,0.45,0.21,0.51,0.87,1.49,3.45,0.433,0.58,1.73,0.333,0.41,0.52,0.784
Thon Maker,2016-2017,REG,Bucks,57,9.86,3.96,0.70,1.30,2.00,0.40,0.18,0.46,0.30,1.47,1.46,3.18,0.459,0.49,1.30,0.378,0.56,0.86,0.653
Kay Felder,2016-2017,REG,Cavaliers,42,9.18,3.95,0.07,0.90,0.98,1.38,0.43,0.17,0.71,0.90,1.48,3.76,0.392,0.17,0.52,0.318,0.83,1.17,0.714
Jarell Martin,2016-2017,REG,Grizzlies,42,13.30,3.93,1.00,2.86,3.86,0.19,0.40,0.21,0.67,2.17,1.38,3.60,0.384,0.21,0.60,0.360,0.95,1.19,0.800
Anthony Brown,2016-2017,REG,"Pelicans, Magic",11,14.46,3.91,0.73,2.27,3.00,0.73,0.45,0.09,0.55,1.36,1.64,4.55,0.360,0.64,2.45,0.259,0.00,0.00,0.000
Jonas Jerebko,2016-2017,REG,Celtics,78,15.79,3.83,0.76,2.73,3.49,0.91,0.32,0.22,0.50,1.56,1.46,3.36,0.435,0.58,1.67,0.346,0.33,0.47,0.703
Malik Beasley,2016-2017,REG,Nuggets,22,7.50,3.77,0.23,0.55,0.77,0.50,0.32,0.00,0.36,0.45,1.50,3.32,0.452,0.41,1.27,0.321,0.36,0.45,0.800
Kris Dunn,2016-2017,REG,Timberwolves,78,17.09,3.76,0.31,1.82,2.13,2.41,1.00,0.46,1.14,2.28,1.51,4.01,0.377,0.27,0.94,0.288,0.46,0.76,0.610
Malachi Richardson,2016-2017,REG,Kings,22,9.01,3.59,0.14,0.91,1.05,0.50,0.23,0.05,0.36,1.05,1.27,3.09,0.412,0.36,1.27,0.286,0.68,0.86,0.789
Adreian Payne,2016-2017,REG,Timberwolves,18,7.51,3.50,0.50,1.33,1.83,0.39,0.44,0.39,0.44,1.78,1.28,3.00,0.426,0.17,0.83,0.200,0.78,1.06,0.737
Tyler Zeller,2016-2017,REG,Celtics,51,10.29,3.49,0.84,1.59,2.43,0.82,0.14,0.41,0.39,1.20,1.53,3.10,0.494,0.00,0.02,0.000,0.43,0.76,0.564
Tyus Jones,2016-2017,REG,Timberwolves,60,12.90,3.48,0.17,0.95,1.12,2.60,0.80,0.08,0.63,0.83,1.25,3.02,0.414,0.43,1.22,0.356,0.55,0.72,0.767
Brian Roberts,2016-2017,REG,Hornets,41,10.15,3.46,0.12,0.83,0.95,1.27,0.22,0.02,0.63,0.44,1.12,2.98,0.377,0.41,1.07,0.386,0.80,0.95,0.846
Rashad Vaughn,2016-2017,REG,Bucks,41,11.18,3.46,0.10,1.10,1.20,0.56,0.46,0.24,0.34,0.78,1.39,3.80,0.365,0.63,1.98,0.321,0.05,0.12,0.400
Johnny O'Bryant III,2016-2017,REG,"Nuggets, Hornets",11,7.33,3.45,0.82,0.91,1.73,0.55,0.00,0.09,0.55,0.91,1.36,2.73,0.500,0.27,0.55,0.500,0.45,0.55,0.833
Jose Calderon,2016-2017,REG,"Lakers, Hawks",41,13.15,3.44,0.37,1.44,1.80,2.15,0.27,0.02,1.00,0.88,1.34,3.27,0.410,0.49,1.56,0.312,0.27,0.29,0.917
Kyle Anderson,2016-2017,REG,Spurs,72,14.17,3.42,0.46,2.43,2.89,1.26,0.71,0.36,0.54,0.88,1.29,2.90,0.445,0.21,0.56,0.375,0.63,0.79,0.789
Dejounte Murray,2016-2017,REG,Spurs,38,8.46,3.42,0.16,0.95,1.11,1.26,0.21,0.16,1.00,0.76,1.32,3.05,0.431,0.24,0.61,0.391,0.55,0.79,0.700
Dragan Bender,2016-2017,REG,Suns,43,13.34,3.40,0.53,1.86,2.40,0.53,0.23,0.51,0.74,1.72,1.33,3.74,0.354,0.65,2.35,0.277,0.09,0.26,0.364
Jared Sullinger,2016-2017,REG,Raptors,11,10.70,3.36,0.91,1.55,2.45,0.27,0.36,0.09,0.36,1.55,1.36,4.27,0.319,0.27,1.64,0.167,0.36,0.73,0.500
Gary Payton II,2016-2017,REG,Bucks,6,16.54,3.33,0.00,2.00,2.00,2.17,0.50,0.67,1.67,1.50,1.33,3.67,0.364,0.17,1.50,0.111,0.50,0.83,0.600
Norris Cole,2016-2017,REG,Thunder,13,9.61,3.31,0.00,0.85,0.85,1.08,0.62,0.00,0.54,1.38,1.23,4.00,0.308,0.23,1.00,0.231,0.62,0.77,0.800
Nicolas Laprovittola,2016-2017,REG,Spurs,18,9.67,3.28,0.06,0.50,0.56,1.56,0.22,0.06,1.06,1.06,1.11,2.61,0.426,0.56,1.50,0.370,0.50,0.50,1.000
Darrun Hilliard,2016-2017,REG,Pistons,39,9.77,3.26,0.05,0.79,0.85,0.85,0.28,0.05,0.72,1.00,1.21,3.23,0.373,0.31,1.18,0.261,0.54,0.72,0.750
Paul Pierce,2016-2017,REG,Clippers,25,11.08,3.24,0.04,1.88,1.92,0.40,0.16,0.20,0.64,1.60,1.12,2.80,0.400,0.60,1.72,0.349,0.40,0.52,0.769
Wade Baldwin,2016-2017,REG,Grizzlies,33,12.27,3.21,0.33,1.06,1.39,1.85,0.55,0.21,1.18,1.21,1.09,3.48,0.313,0.09,0.67,0.136,0.94,1.12,0.838
Henry Ellenson,2016-2017,REG,Pistons,19,7.70,3.16,0.42,1.74,2.16,0.37,0.05,0.05,0.74,0.32,1.21,3.37,0.359,0.53,1.84,0.286,0.21,0.42,0.500
Briante Weber,2016-2017,REG,"Warriors, Hornets",20,10.26,3.10,0.40,0.90,1.30,1.05,0.60,0.05,0.40,0.80,1.25,3.00,0.417,0.05,0.50,0.100,0.55,0.80,0.688
Jakob Poeltl,2016-2017,REG,Raptors,54,11.60,3.06,1.44,1.61,3.06,0.22,0.31,0.37,0.54,2.09,1.24,2.13,0.583,0.00,0.00,0.000,0.57,1.06,0.544
Maurice Ndour,2016-2017,REG,Knicks,32,10.36,3.06,0.69,1.31,2.00,0.25,0.47,0.25,0.38,0.94,1.22,2.69,0.454,0.03,0.22,0.143,0.59,0.81,0.731
Sheldon McClellan,2016-2017,REG,Wizards,30,9.56,3.00,0.13,1.00,1.13,0.50,0.27,0.07,0.17,0.57,1.00,2.50,0.400,0.23,1.00,0.233,0.77,0.90,0.852
Jarrett Jack,2016-2017,REG,Pelicans,2,16.54,3.00,0.00,0.00,0.00,2.50,1.00,0.00,1.50,2.00,1.00,1.50,0.667,0.00,0.50,0.000,1.00,1.00,1.000
Sasha Vujacic,2016-2017,REG,Knicks,42,9.72,2.95,0.29,1.12,1.40,1.24,0.31,0.05,0.38,0.90,1.00,3.24,0.309,0.55,1.76,0.311,0.40,0.57,0.708
Andrew Bogut,2016-2017,REG,"Mavericks, Cavaliers",27,21.60,2.93,2.07,6.00,8.07,1.81,0.48,0.93,1.59,3.19,1.41,3.00,0.469,0.00,0.04,0.000,0.11,0.41,0.273
Salah Mejri,2016-2017,REG,Mavericks,73,12.40,2.92,1.33,2.89,4.22,0.19,0.44,0.84,0.55,2.08,1.21,1.88,0.642,0.01,0.04,0.333,0.49,0.84,0.590
Lavoy Allen,2016-2017,REG,Pacers,61,14.28,2.90,1.72,1.87,3.59,0.93,0.30,0.39,0.48,1.28,1.26,2.75,0.458,0.00,0.02,0.000,0.38,0.54,0.697
Fred VanVleet,2016-2017,REG,Raptors,37,7.94,2.89,0.11,1.03,1.14,0.95,0.43,0.08,0.41,0.97,1.05,3.00,0.351,0.30,0.78,0.379,0.49,0.59,0.818
Alan Anderson,2016-2017,REG,Clippers,30,10.28,2.87,0.10,0.70,0.80,0.37,0.10,0.00,0.23,1.17,1.00,2.67,0.375,0.47,1.47,0.318,0.40,0.53,0.750
Semaj Christon,2016-2017,REG,Thunder,64,15.20,2.86,0.30,1.06,1.36,2.03,0.44,0.11,0.67,1.23,1.20,3.48,0.345,0.19,0.98,0.190,0.27,0.48,0.548
Jeff Withey,2016-2017,REG,Jazz,51,8.48,2.86,1.02,1.35,2.37,0.14,0.31,0.63,0.27,1.02,1.08,2.02,0.534,0.00,0.02,0.000,0.71,0.94,0.750
James Michael McAdoo,2016-2017,REG,Warriors,52,8.80,2.83,0.65,1.10,1.75,0.35,0.35,0.56,0.37,0.90,1.19,2.25,0.530,0.04,0.15,0.250,0.40,0.81,0.500
Okaro White,2016-2017,REG,Heat,35,13.46,2.80,0.71,1.63,2.34,0.60,0.29,0.29,0.51,1.49,0.94,2.49,0.379,0.34,0.97,0.353,0.57,0.63,0.909
Marcus Georges-Hunt,2016-2017,REG,"Heat, Magic",5,9.50,2.80,0.20,1.60,1.80,0.60,0.20,0.00,0.40,1.00,0.40,1.40,0.286,0.20,0.40,0.500,1.80,2.00,0.900
Chinanu Onuaku,2016-2017,REG,Rockets,5,10.32,2.80,0.40,1.60,2.00,0.60,0.60,0.20,0.80,1.20,1.00,1.40,0.714,0.00,0.00,0.000,0.80,0.80,1.000
Nicolas Brussino,2016-2017,REG,Mavericks,54,9.66,2.78,0.48,1.28,1.76,0.87,0.31,0.15,0.48,0.80,0.96,2.61,0.369,0.54,1.76,0.305,0.31,0.41,0.773
James Jones,2016-2017,REG,Cavaliers,48,7.93,2.75,0.06,0.71,0.77,0.29,0.13,0.21,0.21,0.77,0.92,1.92,0.478,0.65,1.38,0.470,0.27,0.42,0.650
Axel Toupane,2016-2017,REG,"Bucks, Pelicans",4,11.87,2.75,0.00,0.25,0.25,0.00,0.25,0.25,0.00,1.50,1.25,2.25,0.556,0.25,1.00,0.250,0.00,0.00,0.000
Kyle Singler,2016-2017,REG,Thunder,32,12.04,2.75,0.25,1.25,1.50,0.28,0.22,0.16,0.34,0.91,1.06,2.59,0.410,0.22,1.16,0.189,0.41,0.53,0.765
Wesley Johnson,2016-2017,REG,Clippers,68,11.91,2.74,0.38,2.28,2.66,0.34,0.43,0.44,0.26,1.22,1.07,2.94,0.365,0.43,1.74,0.246,0.16,0.25,0.647
Marcelo Huertas,2016-2017,REG,Lakers,23,10.29,2.74,0.09,0.96,1.04,2.26,0.43,0.09,0.83,0.70,1.09,2.96,0.368,0.17,0.83,0.211,0.39,0.74,0.529
Omer Asik,2016-2017,REG,Pelicans,31,15.55,2.74,1.55,3.71,5.26,0.48,0.16,0.32,0.45,1.65,1.00,2.10,0.477,0.00,0.00,0.000,0.74,1.26,0.590
DeAndre Bembry,2016-2017,REG,Hawks,37,10.02,2.73,0.38,1.22,1.59,0.76,0.22,0.14,0.43,0.57,1.27,2.65,0.480,0.03,0.49,0.055,0.16,0.43,0.375
Tomas Satoransky,2016-2017,REG,Wizards,57,12.62,2.70,0.44,1.02,1.46,1.61,0.46,0.11,0.67,1.05,1.07,2.58,0.415,0.16,0.65,0.243,0.40,0.58,0.697
Christian Wood,2016-2017,REG,Hornets,13,8.23,2.69,1.08,1.15,2.23,0.15,0.23,0.46,0.54,0.85,0.92,1.77,0.522,0.00,0.38,0.000,0.85,1.15,0.733
Andrew Nicholson,2016-2017,REG,"Wizards, Nets",38,9.00,2.63,0.39,1.21,1.61,0.26,0.42,0.16,0.45,1.45,1.13,2.92,0.387,0.13,0.71,0.185,0.24,0.37,0.643
Bryn Forbes,2016-2017,REG,Spurs,36,7.91,2.61,0.06,0.58,0.64,0.64,0.03,0.00,0.31,0.56,1.00,2.75,0.364,0.47,1.47,0.321,0.14,0.17,0.833
Kevon Looney,2016-2017,REG,Warriors,53,8.43,2.55,0.83,1.51,2.34,0.55,0.28,0.32,0.32,1.21,1.06,2.02,0.523,0.04,0.17,0.222,0.40,0.64,0.618
Miles Plumlee,2016-2017,REG,"Bucks, Hornets",45,10.77,2.51,0.84,1.27,2.11,0.47,0.40,0.29,0.67,1.62,0.98,2.04,0.478,0.00,0.00,0.000,0.56,0.87,0.641
Pat Connaughton,2016-2017,REG,Trail Blazers,39,8.10,2.51,0.26,1.08,1.33,0.72,0.15,0.05,0.44,0.59,0.95,1.85,0.514,0.44,0.85,0.515,0.18,0.23,0.778
Mike Scott,2016-2017,REG,Hawks,18,10.83,2.50,0.56,1.50,2.06,0.94,0.22,0.17,0.44,0.67,0.94,3.28,0.288,0.22,1.50,0.148,0.39,0.44,0.875
Raul Neto,2016-2017,REG,Jazz,40,8.65,2.50,0.10,0.65,0.75,0.85,0.53,0.13,0.38,1.20,1.03,2.28,0.451,0.25,0.78,0.323,0.20,0.23,0.889
Bobby Brown,2016-2017,REG,Rockets,25,4.92,2.48,0.00,0.24,0.24,0.56,0.04,0.00,0.20,0.20,0.92,2.40,0.383,0.56,1.40,0.400,0.08,0.08,1.000
DeAndre Liggins,2016-2017,REG,"Cavaliers, Mavericks",62,12.53,2.45,0.32,1.42,1.74,0.87,0.76,0.23,0.68,1.31,0.89,2.29,0.387,0.27,0.74,0.370,0.40,0.65,0.625
James Young,2016-2017,REG,Celtics,29,7.59,2.34,0.21,0.69,0.90,0.14,0.34,0.07,0.14,0.52,0.86,2.00,0.431,0.41,1.21,0.343,0.21,0.31,0.667
Chris Andersen,2016-2017,REG,Cavaliers,12,9.48,2.33,0.75,1.83,2.58,0.42,0.42,0.58,0.42,1.67,0.75,1.83,0.409,0.00,0.25,0.000,0.83,1.17,0.714
Greivis Vasquez,2016-2017,REG,Nets,3,12.86,2.33,0.00,0.67,0.67,1.67,0.33,0.33,0.33,2.00,0.67,2.67,0.250,0.33,1.00,0.333,0.67,1.00,0.667
Metta World Peace,2016-2017,REG,Lakers,25,6.41,2.28,0.20,0.60,0.80,0.44,0.40,0.08,0.28,0.72,0.76,2.72,0.279,0.36,1.52,0.237,0.40,0.64,0.625
Chris McCullough,2016-2017,REG,"Nets, Wizards",16,5.03,2.25,0.56,0.63,1.19,0.13,0.13,0.13,0.19,0.44,1.00,2.00,0.500,0.06,0.44,0.143,0.19,0.31,0.600
Jake Layman,2016-2017,REG,Trail Blazers,35,7.11,2.23,0.17,0.51,0.69,0.31,0.26,0.09,0.31,0.63,0.74,2.54,0.292,0.37,1.46,0.255,0.37,0.49,0.765
AJ Hammons,2016-2017,REG,Mavericks,22,7.42,2.18,0.36,1.27,1.64,0.18,0.05,0.59,0.45,0.95,0.77,1.91,0.405,0.23,0.45,0.500,0.41,0.91,0.450
Treveon Graham,2016-2017,REG,Hornets,27,7.01,2.11,0.19,0.63,0.81,0.22,0.22,0.04,0.11,0.67,0.70,1.48,0.475,0.33,0.56,0.600,0.37,0.56,0.667
Rakeem Christmas,2016-2017,REG,Pacers,28,7.84,2.07,0.93,1.07,2.00,0.14,0.11,0.21,0.29,1.32,0.68,1.54,0.442,0.00,0.00,0.000,0.71,0.96,0.741
Joe Young,2016-2017,REG,Pacers,33,4.10,2.06,0.03,0.48,0.52,0.45,0.12,0.00,0.15,0.15,0.79,2.18,0.361,0.15,0.70,0.217,0.33,0.45,0.733
Gary Neal,2016-2017,REG,Hawks,2,9.17,2.00,0.00,0.50,0.50,0.50,0.00,0.00,0.00,0.50,0.00,3.50,0.000,0.00,1.00,0.000,2.00,2.00,1.000
Demetrius Jackson,2016-2017,REG,Celtics,5,3.40,2.00,0.40,0.40,0.80,0.60,0.00,0.00,0.00,0.00,0.60,0.80,0.750,0.20,0.20,1.000,0.60,1.20,0.500
Manny Harris,2016-2017,REG,Mavericks,4,6.19,2.00,0.75,1.50,2.25,0.50,0.00,0.00,0.50,0.25,0.75,3.75,0.200,0.00,0.50,0.000,0.50,1.00,0.500
Tim Quarterman,2016-2017,REG,Trail Blazers,16,5.00,1.94,0.25,0.63,0.88,0.69,0.13,0.19,0.69,0.38,0.81,1.81,0.448,0.31,0.81,0.385,0.00,0.19,0.000
Udonis Haslem,2016-2017,REG,Heat,16,8.14,1.94,0.50,1.75,2.25,0.38,0.38,0.06,0.50,1.38,0.69,1.44,0.478,0.00,0.19,0.000,0.56,0.94,0.600
Damian Jones,2016-2017,REG,Warriors,10,8.51,1.90,0.90,1.40,2.30,0.00,0.10,0.40,0.60,1.50,0.80,1.60,0.500,0.00,0.00,0.000,0.30,1.00,0.300
Marshall Plumlee,2016-2017,REG,Knicks,21,8.10,1.90,1.10,1.33,2.43,0.48,0.19,0.19,0.57,1.10,0.76,1.43,0.533,0.00,0.00,0.000,0.38,0.90,0.421
Joel Bolomboy,2016-2017,REG,Jazz,12,4.38,1.83,0.33,1.08,1.42,0.17,0.08,0.17,0.17,0.08,0.75,1.33,0.563,0.08,0.33,0.250,0.25,0.50,0.500
Damjan Rudez,2016-2017,REG,Magic,45,6.97,1.82,0.11,0.44,0.56,0.44,0.27,0.02,0.20,0.69,0.69,1.96,0.352,0.44,1.42,0.312,0.00,0.00,0.000
Lamar Patterson,2016-2017,REG,Hawks,5,8.07,1.80,0.20,1.20,1.40,1.20,0.20,0.00,0.80,1.20,0.60,3.00,0.200,0.20,1.20,0.167,0.40,0.60,0.667
John Jenkins,2016-2017,REG,Suns,4,3.23,1.75,0.00,0.25,0.25,0.25,0.00,0.00,0.00,0.00,0.50,1.25,0.400,0.25,0.50,0.500,0.50,0.50,1.000
Jordan Hill,2016-2017,REG,Timberwolves,7,6.65,1.71,1.14,0.86,2.00,0.00,0.14,0.00,0.57,1.29,0.71,1.86,0.385,0.00,0.00,0.000,0.29,0.29,1.000
Cole Aldrich,2016-2017,REG,Timberwolves,62,8.57,1.69,0.82,1.73,2.55,0.40,0.40,0.37,0.27,1.37,0.73,1.39,0.523,0.00,0.00,0.000,0.24,0.35,0.682
Nick Collison,2016-2017,REG,Thunder,20,6.39,1.65,0.45,1.10,1.55,0.60,0.10,0.10,0.20,0.85,0.70,1.15,0.609,0.00,0.05,0.000,0.25,0.40,0.625
Deyonta Davis,2016-2017,REG,Grizzlies,36,6.61,1.61,0.56,1.11,1.67,0.06,0.08,0.47,0.22,1.11,0.67,1.31,0.511,0.00,0.00,0.000,0.28,0.50,0.556
Bruno Caboclo,2016-2017,REG,Raptors,9,4.48,1.56,0.56,0.56,1.11,0.44,0.22,0.11,0.22,0.44,0.67,1.78,0.375,0.22,0.67,0.333,0.00,0.00,0.000
Ryan Kelly,2016-2017,REG,Hawks,16,6.88,1.56,0.06,1.06,1.13,0.50,0.25,0.31,0.25,0.31,0.50,1.75,0.286,0.25,0.63,0.400,0.31,0.38,0.833
Jordan Mickey,2016-2017,REG,Celtics,25,5.64,1.52,0.52,0.84,1.36,0.28,0.12,0.24,0.36,0.48,0.60,1.36,0.441,0.00,0.04,0.000,0.32,0.56,0.571
Elijah Millsap,2016-2017,REG,Suns,2,11.57,1.50,1.50,1.50,3.00,0.50,0.00,0.00,1.00,1.00,0.50,3.50,0.143,0.00,1.00,0.000,0.50,1.00,0.500
Jarnell Stokes,2016-2017,REG,Nuggets,2,3.28,1.50,0.50,0.50,1.00,1.00,0.50,0.00,0.00,1.50,0.50,0.50,1.000,0.00,0.00,0.000,0.50,1.00,0.500
Diamond Stone,2016-2017,REG,Clippers,7,3.46,1.43,0.14,0.71,0.86,0.00,0.00,0.14,0.29,0.71,0.43,1.86,0.231,0.00,0.00,0.000,0.57,0.57,1.000
Mike Miller,2016-2017,REG,Nuggets,20,7.53,1.40,0.10,1.80,1.90,1.10,0.10,0.00,0.65,0.45,0.45,1.15,0.391,0.40,1.00,0.400,0.10,0.10,1.000
Brice Johnson,2016-2017,REG,Clippers,3,3.07,1.33,0.33,0.67,1.00,0.33,0.67,0.33,0.33,0.00,0.67,2.33,0.286,0.00,0.00,0.000,0.00,0.00,0.000
Joel Anthony,2016-2017,REG,Spurs,19,6.42,1.32,0.42,1.21,1.63,0.16,0.11,0.32,0.21,0.58,0.53,0.84,0.625,0.00,0.00,0.000,0.26,0.42,0.625
Anderson Varejao,2016-2017,REG,Warriors,14,6.56,1.29,0.86,1.07,1.93,0.71,0.21,0.21,0.57,1.14,0.36,1.00,0.357,0.00,0.00,0.000,0.57,0.79,0.727
Daniel Ochefu,2016-2017,REG,Wizards,19,3.94,1.26,0.26,0.89,1.16,0.16,0.11,0.00,0.16,0.89,0.63,1.42,0.444,0.00,0.00,0.000,0.00,0.11,0.000
Stephen Zimmerman,2016-2017,REG,Magic,19,5.67,1.21,0.58,1.26,1.84,0.21,0.11,0.26,0.16,0.89,0.53,1.63,0.323,0.00,0.00,0.000,0.16,0.26,0.600
Ronnie Price,2016-2017,REG,Suns,14,9.58,1.00,0.21,0.57,0.79,1.29,0.79,0.07,0.21,1.00,0.29,1.71,0.167,0.21,1.21,0.176,0.21,0.29,0.750
Mike Tobey,2016-2017,REG,Hornets,2,12.59,1.00,1.00,0.50,1.50,0.50,0.00,0.00,0.50,1.00,0.50,2.00,0.250,0.00,0.00,0.000,0.00,0.00,0.000
CJ Wilcox,2016-2017,REG,Magic,22,4.90,0.95,0.18,0.36,0.55,0.55,0.09,0.05,0.27,0.36,0.36,1.41,0.258,0.14,0.68,0.200,0.09,0.09,1.000
Kyle Wiltjer,2016-2017,REG,Rockets,14,3.13,0.93,0.29,0.43,0.71,0.14,0.21,0.07,0.36,0.29,0.29,1.00,0.286,0.29,0.93,0.308,0.07,0.14,0.500
Georges Niang,2016-2017,REG,Pacers,23,4.03,0.91,0.09,0.65,0.74,0.22,0.13,0.00,0.22,0.26,0.39,1.57,0.250,0.04,0.52,0.083,0.09,0.09,1.000
Alonzo Gee,2016-2017,REG,Nuggets,13,6.88,0.85,0.31,0.85,1.15,0.46,0.38,0.08,0.31,1.08,0.23,1.08,0.214,0.00,0.23,0.000,0.38,0.69,0.556
Larry Sanders,2016-2017,REG,Cavaliers,5,2.54,0.80,0.60,0.20,0.80,0.00,0.20,0.20,0.40,1.00,0.20,0.80,0.250,0.00,0.00,0.000,0.40,0.40,1.000
Isaiah Taylor,2016-2017,REG,Rockets,4,13.00,0.75,0.25,0.50,0.75,0.75,0.25,0.25,0.00,1.50,0.25,1.75,0.143,0.00,0.50,0.000,0.25,0.50,0.500
Steve Novak,2016-2017,REG,Bucks,8,2.74,0.63,0.00,0.38,0.38,0.00,0.00,0.00,0.00,0.13,0.25,0.88,0.286,0.13,0.75,0.167,0.00,0.00,0.000
Arinze Onuaku,2016-2017,REG,Magic,8,3.54,0.50,0.25,0.50,0.75,0.25,0.00,0.13,0.25,0.38,0.25,0.50,0.500,0.00,0.00,0.000,0.00,0.00,0.000
Michael Gbinije,2016-2017,REG,Pistons,9,3.51,0.44,0.22,0.11,0.33,0.22,0.00,0.00,0.00,0.22,0.11,1.11,0.100,0.00,0.44,0.000,0.22,0.22,1.000
John Lucas III,2016-2017,REG,Timberwolves,5,2.14,0.40,0.00,0.00,0.00,0.20,0.40,0.00,0.00,0.00,0.20,0.80,0.250,0.00,0.20,0.000,0.00,0.00,0.000
Aaron Harrison,2016-2017,REG,Hornets,5,3.31,0.20,0.00,0.60,0.60,0.60,0.00,0.00,0.00,0.40,0.00,0.80,0.000,0.00,0.40,0.000,0.20,0.40,0.500
Patricio Garino,2016-2017,REG,Magic,5,8.62,0.00,0.20,1.20,1.40,0.00,0.00,0.00,0.60,0.80,0.00,1.40,0.000,0.00,1.00,0.000,0.00,0.00,0.000
RJ Hunter,2016-2017,REG,Bulls,3,3.05,0.00,0.00,0.33,0.33,0.00,0.00,0.00,0.00,0.00,0.00,0.33,0.000,0.00,0.33,0.000,0.00,0.00,0.000
Danuel House,2016-2017,REG,Wizards,1,0.83,0.00,0.00,1.00,1.00,0.00,0.00,0.00,0.00,0.00,0.00,0.00,0.000,0.00,0.00,0.000,0.00,0.00,0.000
Ben Bentil,2016-2017,REG,Mavericks,3,3.29,0.00,0.00,0.67,0.67,0.00,0.00,0.00,0.33,0.33,0.00,1.00,0.000,0.00,0.33,0.000,0.00,0.00,0.000
